<DATE>	<TIME>	<OPEN>	<HIGH>	<LOW>	<CLOSE>	<TICKVOL>	<VOL>	<SPREAD>
2026-03-02	01:00:00	5363.14	5379.37	5302.81	5347.82	8374	0	4
2026-03-02	01:15:00	5347.8	5358.65	5343.87	5354.92	9675	0	4
2026-03-02	01:30:00	5354.92	5393.5	5352.95	5382.37	9358	0	4
2026-03-02	01:45:00	5382.36	5390.99	5373.96	5387.07	9107	0	4
2026-03-02	02:00:00	5387.07	5388.28	5364.13	5376.0	10971	0	4
2026-03-02	02:15:00	5376.0	5376.12	5348.98	5364.57	10017	0	4
2026-03-02	02:30:00	5364.61	5373.49	5359.28	5365.22	7966	0	4
2026-03-02	02:45:00	5365.22	5366.49	5340.88	5347.45	8079	0	4
2026-03-02	03:00:00	5347.34	5347.58	5316.01	5340.38	14519	0	4
2026-03-02	03:15:00	5340.36	5346.23	5303.15	5307.66	12394	0	4
2026-03-02	03:30:00	5307.67	5339.11	5305.8	5333.51	12186	0	4
2026-03-02	03:45:00	5333.51	5338.16	5322.11	5325.04	10114	0	4
2026-03-02	04:00:00	5325.04	5335.54	5316.79	5328.16	9533	0	4
2026-03-02	04:15:00	5328.43	5336.25	5326.28	5331.26	6325	0	4
2026-03-02	04:30:00	5331.26	5351.67	5328.09	5351.01	7478	0	4
2026-03-02	04:45:00	5350.55	5351.83	5340.86	5346.5	6416	0	4
2026-03-02	05:00:00	5346.5	5357.53	5344.33	5355.15	7324	0	4
2026-03-02	05:15:00	5355.15	5359.54	5349.69	5355.63	5950	0	4
2026-03-02	05:30:00	5355.63	5365.0	5353.61	5362.06	4895	0	4
2026-03-02	05:45:00	5362.16	5366.91	5359.76	5366.49	3681	0	4
2026-03-02	06:00:00	5366.49	5367.23	5355.61	5356.06	4516	0	4
2026-03-02	06:15:00	5356.06	5366.07	5355.87	5363.43	3695	0	4
2026-03-02	06:30:00	5363.43	5364.5	5345.23	5354.17	5012	0	4
2026-03-02	06:45:00	5354.16	5358.45	5350.8	5355.96	3585	0	4
2026-03-02	07:00:00	5355.96	5356.08	5345.66	5350.15	5418	0	4
2026-03-02	07:15:00	5350.15	5354.23	5340.62	5350.86	4437	0	4
2026-03-02	07:30:00	5350.86	5363.7	5348.85	5360.6	6722	0	4
2026-03-02	07:45:00	5360.78	5366.33	5359.31	5366.11	5616	0	4
2026-03-02	08:00:00	5366.11	5380.06	5363.5	5375.11	5590	0	4
2026-03-02	08:15:00	5375.11	5381.41	5373.71	5380.71	5985	0	4
2026-03-02	08:30:00	5380.71	5383.0	5374.28	5375.66	6174	0	4
2026-03-02	08:45:00	5375.65	5389.88	5375.64	5387.57	5517	0	4
2026-03-02	09:00:00	5387.57	5406.9	5384.93	5406.03	5972	0	4
2026-03-02	09:15:00	5406.03	5419.26	5404.44	5408.6	6482	0	4
2026-03-02	09:30:00	5408.6	5411.71	5402.16	5403.03	5715	0	4
2026-03-02	09:45:00	5402.88	5414.48	5402.46	5408.12	5387	0	4
2026-03-02	10:00:00	5408.12	5413.08	5402.61	5409.67	6396	0	4
2026-03-02	10:15:00	5409.67	5416.13	5402.27	5415.77	5210	0	4
2026-03-02	10:30:00	5415.77	5416.74	5396.47	5401.91	5786	0	4
2026-03-02	10:45:00	5401.91	5411.13	5391.14	5394.07	5516	0	4
2026-03-02	11:00:00	5394.07	5400.14	5389.62	5394.71	6594	0	4
2026-03-02	11:15:00	5394.71	5398.74	5386.1	5394.7	4617	0	4
2026-03-02	11:30:00	5394.7	5402.82	5394.25	5396.72	4355	0	4
2026-03-02	11:45:00	5396.72	5397.37	5387.29	5392.09	5398	0	4
2026-03-02	12:00:00	5392.18	5394.56	5379.2	5390.42	6005	0	4
2026-03-02	12:15:00	5390.46	5392.45	5383.69	5390.09	4342	0	4
2026-03-02	12:30:00	5390.09	5400.81	5387.04	5400.4	5252	0	4
2026-03-02	12:45:00	5400.4	5400.87	5381.57	5389.45	4770	0	4
2026-03-02	13:00:00	5389.45	5394.83	5382.37	5388.6	3879	0	4
2026-03-02	13:15:00	5388.6	5397.19	5387.65	5390.46	4290	0	4
2026-03-02	13:30:00	5390.46	5399.98	5388.98	5389.2	3824	0	4
2026-03-02	13:45:00	5389.2	5389.9	5375.51	5385.39	7166	0	4
2026-03-02	14:00:00	5385.33	5398.44	5378.88	5391.51	7273	0	4
2026-03-02	14:15:00	5391.52	5396.04	5384.77	5394.04	5169	0	4
2026-03-02	14:30:00	5394.04	5398.78	5388.79	5396.58	4567	0	4
2026-03-02	14:45:00	5396.55	5398.54	5385.56	5397.21	4976	0	4
2026-03-02	15:00:00	5397.21	5410.15	5382.07	5384.3	11697	0	4
2026-03-02	15:15:00	5384.3	5409.32	5382.61	5401.66	10721	0	4
2026-03-02	15:30:00	5401.74	5416.72	5392.32	5393.1	10594	0	4
2026-03-02	15:45:00	5393.1	5398.33	5389.42	5393.94	8497	0	4
2026-03-02	16:00:00	5393.94	5395.27	5363.59	5375.4	11338	0	4
2026-03-02	16:15:00	5375.4	5376.87	5307.27	5333.64	15813	0	4
2026-03-02	16:30:00	5333.6	5355.96	5306.94	5347.65	17978	0	4
2026-03-02	16:45:00	5347.65	5351.56	5320.95	5333.6	16343	0	4
2026-03-02	17:00:00	5333.6	5346.88	5311.29	5333.76	16725	0	4
2026-03-02	17:15:00	5333.76	5339.11	5317.59	5331.02	15094	0	4
2026-03-02	17:30:00	5331.01	5348.91	5329.97	5342.25	12313	0	4
2026-03-02	17:45:00	5342.25	5345.13	5308.32	5315.85	14177	0	4
2026-03-02	18:00:00	5315.55	5315.55	5260.77	5300.65	18030	0	4
2026-03-02	18:15:00	5300.65	5314.5	5282.31	5309.91	12775	0	4
2026-03-02	18:30:00	5309.92	5311.84	5282.37	5301.49	12649	0	4
2026-03-02	18:45:00	5301.49	5306.34	5289.55	5290.24	12541	0	4
2026-03-02	19:00:00	5290.24	5309.96	5287.04	5298.64	11672	0	4
2026-03-02	19:15:00	5298.64	5312.23	5292.0	5304.69	9651	0	4
2026-03-02	19:30:00	5304.85	5320.64	5303.42	5304.38	8684	0	4
2026-03-02	19:45:00	5304.38	5311.12	5298.06	5306.86	8970	0	4
2026-03-02	20:00:00	5306.91	5308.36	5289.61	5295.43	8722	0	4
2026-03-02	20:15:00	5295.43	5306.0	5293.84	5297.79	8533	0	4
2026-03-02	20:30:00	5297.79	5303.34	5291.06	5303.32	6094	0	4
2026-03-02	20:45:00	5303.32	5316.7	5302.2	5315.55	6380	0	4
2026-03-02	21:00:00	5315.54	5333.31	5313.88	5330.52	6925	0	4
2026-03-02	21:15:00	5330.61	5332.89	5318.79	5330.86	5532	0	4
2026-03-02	21:30:00	5330.86	5334.07	5324.6	5324.96	4572	0	4
2026-03-02	21:45:00	5324.96	5332.26	5322.92	5330.45	4086	0	4
2026-03-02	22:00:00	5330.45	5346.32	5328.39	5337.47	8241	0	4
2026-03-02	22:15:00	5337.44	5346.37	5328.59	5333.58	9834	0	4
2026-03-02	22:30:00	5333.58	5344.81	5332.31	5342.0	7057	0	4
2026-03-02	22:45:00	5342.0	5342.62	5331.35	5332.55	8464	0	4
2026-03-02	23:00:00	5332.55	5339.68	5331.43	5335.34	3388	0	4
2026-03-02	23:15:00	5335.34	5340.54	5331.23	5332.38	2345	0	4
2026-03-02	23:30:00	5332.31	5332.61	5325.72	5331.11	4591	0	4
2026-03-02	23:45:00	5330.96	5330.96	5320.72	5321.06	1847	0	4
2026-03-03	01:00:00	5321.06	5347.17	5321.06	5338.73	3788	0	4
2026-03-03	01:15:00	5338.73	5341.86	5329.38	5336.76	2562	0	4
2026-03-03	01:30:00	5336.76	5336.91	5330.53	5330.91	2744	0	4
2026-03-03	01:45:00	5330.92	5346.74	5330.28	5346.02	4265	0	4
2026-03-03	02:00:00	5346.02	5349.73	5336.95	5348.53	4013	0	4
2026-03-03	02:15:00	5348.53	5359.12	5348.23	5357.98	4705	0	4
2026-03-03	02:30:00	5357.98	5362.19	5348.36	5355.04	4707	0	4
2026-03-03	02:45:00	5355.05	5359.41	5346.6	5350.32	5261	0	4
2026-03-03	03:00:00	5350.32	5372.13	5347.23	5368.28	9429	0	4
2026-03-03	03:15:00	5368.28	5379.88	5365.86	5377.3	7473	0	4
2026-03-03	03:30:00	5377.31	5378.74	5364.17	5364.17	7543	0	4
2026-03-03	03:45:00	5363.19	5365.43	5337.97	5339.35	11865	0	4
2026-03-03	04:00:00	5339.35	5357.19	5333.06	5350.01	10930	0	4
2026-03-03	04:15:00	5350.02	5359.57	5344.31	5359.01	8244	0	4
2026-03-03	04:30:00	5359.03	5365.35	5355.59	5360.97	7947	0	4
2026-03-03	04:45:00	5360.97	5368.09	5359.02	5366.91	6340	0	4
2026-03-03	05:00:00	5366.91	5371.6	5365.04	5366.79	6048	0	4
2026-03-03	05:15:00	5366.85	5373.57	5364.27	5367.4	6202	0	4
2026-03-03	05:30:00	5367.42	5370.74	5365.49	5369.16	4525	0	4
2026-03-03	05:45:00	5369.16	5369.89	5359.18	5367.28	4438	0	4
2026-03-03	06:00:00	5367.3	5367.88	5359.48	5361.73	3983	0	4
2026-03-03	06:15:00	5361.73	5375.6	5359.82	5371.95	4793	0	4
2026-03-03	06:30:00	5371.95	5375.46	5367.33	5369.64	4324	0	4
2026-03-03	06:45:00	5369.63	5370.2	5361.02	5361.22	5307	0	4
2026-03-03	07:00:00	5361.23	5367.28	5355.07	5362.29	7118	0	4
2026-03-03	07:15:00	5362.29	5364.25	5352.95	5358.86	5769	0	4
2026-03-03	07:30:00	5358.86	5359.56	5334.43	5345.42	10668	0	4
2026-03-03	07:45:00	5345.42	5346.86	5305.41	5319.19	13462	0	4
2026-03-03	08:00:00	5319.17	5323.09	5278.99	5289.88	12993	0	4
2026-03-03	08:15:00	5289.88	5319.61	5288.21	5316.82	10527	0	4
2026-03-03	08:30:00	5316.75	5319.31	5295.84	5310.4	10262	0	4
2026-03-03	08:45:00	5310.4	5315.41	5290.89	5310.65	9552	0	4
2026-03-03	09:00:00	5310.66	5318.55	5306.05	5314.95	6666	0	4
2026-03-03	09:15:00	5314.93	5320.14	5310.3	5313.51	5765	0	4
2026-03-03	09:30:00	5313.51	5328.47	5313.51	5326.57	6381	0	4
2026-03-03	09:45:00	5326.57	5331.23	5323.65	5327.77	6745	0	4
2026-03-03	10:00:00	5327.77	5335.93	5319.93	5319.93	8030	0	4
2026-03-03	10:15:00	5319.97	5328.68	5310.97	5312.21	7595	0	4
2026-03-03	10:30:00	5312.34	5313.48	5296.0	5305.19	8804	0	4
2026-03-03	10:45:00	5305.19	5311.47	5290.33	5295.82	8678	0	4
2026-03-03	11:00:00	5295.82	5303.92	5284.49	5296.31	11090	0	4
2026-03-03	11:15:00	5296.31	5302.65	5226.29	5242.24	13431	0	4
2026-03-03	11:30:00	5242.34	5270.94	5240.63	5263.99	12641	0	4
2026-03-03	11:45:00	5264.03	5280.96	5259.84	5275.08	10093	0	4
2026-03-03	12:00:00	5275.08	5288.13	5269.01	5273.1	9008	0	4
2026-03-03	12:15:00	5273.1	5281.32	5265.75	5276.82	7818	0	4
2026-03-03	12:30:00	5276.82	5276.95	5247.79	5260.84	10273	0	4
2026-03-03	12:45:00	5260.91	5260.96	5238.57	5248.27	11609	0	4
2026-03-03	13:00:00	5248.29	5264.1	5160.09	5198.42	14342	0	4
2026-03-03	13:15:00	5198.42	5209.54	5113.51	5126.71	12408	0	4
2026-03-03	13:30:00	5126.71	5143.7	5075.28	5124.71	12989	0	4
2026-03-03	13:45:00	5124.69	5157.84	5122.95	5144.56	12880	0	4
2026-03-03	14:00:00	5144.56	5193.26	5138.46	5192.85	13663	0	4
2026-03-03	14:15:00	5192.85	5208.95	5181.35	5204.4	11219	0	4
2026-03-03	14:30:00	5204.4	5212.23	5188.67	5202.92	9547	0	4
2026-03-03	14:45:00	5202.91	5226.77	5196.4	5224.47	9252	0	4
2026-03-03	15:00:00	5224.47	5224.62	5146.54	5164.21	17449	0	4
2026-03-03	15:15:00	5164.21	5184.73	5159.85	5178.04	13815	0	4
2026-03-03	15:30:00	5178.03	5186.34	5147.51	5156.69	14076	0	4
2026-03-03	15:45:00	5156.7	5159.36	5127.39	5156.73	14693	0	4
2026-03-03	16:00:00	5156.73	5175.6	5150.15	5165.05	14216	0	4
2026-03-03	16:15:00	5165.02	5166.63	5125.0	5146.09	13521	0	4
2026-03-03	16:30:00	5146.09	5146.09	5061.89	5071.63	17529	0	4
2026-03-03	16:45:00	5071.61	5076.34	5015.84	5038.4	15508	0	4
2026-03-03	17:00:00	5038.4	5070.11	5025.48	5039.87	14166	0	4
2026-03-03	17:15:00	5039.87	5053.26	4995.97	5044.13	14435	0	4
2026-03-03	17:30:00	5044.0	5070.57	5037.15	5061.7	15295	0	4
2026-03-03	17:45:00	5061.7	5097.01	5054.27	5095.54	17063	0	4
2026-03-03	18:00:00	5095.49	5122.77	5090.62	5108.16	14816	0	4
2026-03-03	18:15:00	5108.14	5126.11	5099.8	5112.73	15113	0	4
2026-03-03	18:30:00	5112.73	5134.82	5107.19	5111.53	14713	0	4
2026-03-03	18:45:00	5111.53	5115.87	5098.12	5106.95	15092	0	4
2026-03-03	19:00:00	5107.19	5107.37	5081.02	5098.3	14385	0	4
2026-03-03	19:15:00	5098.3	5109.87	5081.91	5083.29	13573	0	4
2026-03-03	19:30:00	5083.15	5086.11	5065.32	5078.91	15779	0	4
2026-03-03	19:45:00	5078.88	5084.56	5067.66	5079.25	14800	0	4
2026-03-03	20:00:00	5079.25	5103.96	5079.25	5103.49	13785	0	4
2026-03-03	20:15:00	5103.49	5117.25	5093.62	5112.41	11413	0	4
2026-03-03	20:30:00	5112.32	5137.31	5107.17	5133.39	10808	0	4
2026-03-03	20:45:00	5133.39	5138.23	5127.23	5136.06	9333	0	4
2026-03-03	21:00:00	5136.02	5149.04	5110.03	5112.43	11643	0	4
2026-03-03	21:15:00	5112.43	5121.27	5102.06	5106.72	10516	0	4
2026-03-03	21:30:00	5106.76	5119.07	5099.42	5119.01	12118	0	4
2026-03-03	21:45:00	5119.01	5128.47	5107.22	5113.34	11575	0	4
2026-03-03	22:00:00	5113.34	5126.97	5112.13	5119.08	10783	0	4
2026-03-03	22:15:00	5119.08	5130.41	5114.08	5122.7	8978	0	4
2026-03-03	22:30:00	5122.7	5126.48	5102.49	5111.63	9234	0	4
2026-03-03	22:45:00	5111.64	5113.38	5086.02	5097.25	12708	0	4
2026-03-03	23:00:00	5097.45	5110.34	5094.33	5098.71	3688	0	4
2026-03-03	23:15:00	5098.71	5101.22	5089.43	5089.48	4302	0	4
2026-03-03	23:30:00	5089.39	5096.1	5083.92	5091.58	2967	0	4
2026-03-03	23:45:00	5091.58	5093.3	5082.96	5087.98	3857	0	4
2026-03-04	01:00:00	5087.98	5118.59	5084.39	5117.65	4703	0	4
2026-03-04	01:15:00	5117.65	5128.51	5116.45	5126.69	5788	0	4
2026-03-04	01:30:00	5126.69	5128.43	5116.7	5125.71	5288	0	4
2026-03-04	01:45:00	5125.72	5129.83	5120.18	5125.39	3942	0	4
2026-03-04	02:00:00	5125.39	5126.42	5105.97	5116.05	6499	0	4
2026-03-04	02:15:00	5116.05	5128.92	5113.29	5125.22	5899	0	4
2026-03-04	02:30:00	5125.22	5137.7	5122.57	5132.35	5889	0	4
2026-03-04	02:45:00	5132.28	5140.42	5127.83	5138.7	6390	0	4
2026-03-04	03:00:00	5138.7	5162.69	5138.65	5159.54	11642	0	4
2026-03-04	03:15:00	5159.53	5164.43	5146.63	5146.72	10283	0	4
2026-03-04	03:30:00	5146.72	5163.63	5142.44	5163.16	11904	0	4
2026-03-04	03:45:00	5163.16	5178.62	5158.33	5175.1	10606	0	4
2026-03-04	04:00:00	5175.1	5191.09	5168.16	5190.07	9708	0	4
2026-03-04	04:15:00	5190.07	5190.07	5176.06	5177.79	7681	0	4
2026-03-04	04:30:00	5177.79	5180.36	5163.97	5180.36	8818	0	4
2026-03-04	04:45:00	5180.36	5181.05	5153.9	5156.39	9559	0	4
2026-03-04	05:00:00	5156.41	5160.27	5141.03	5156.01	8409	0	4
2026-03-04	05:15:00	5156.01	5168.29	5151.5	5162.66	8902	0	4
2026-03-04	05:30:00	5162.62	5167.84	5154.01	5162.99	8023	0	4
2026-03-04	05:45:00	5162.81	5177.53	5159.51	5174.44	6322	0	4
2026-03-04	06:00:00	5174.51	5181.03	5171.86	5174.12	6459	0	4
2026-03-04	06:15:00	5174.09	5174.27	5162.96	5168.02	6002	0	4
2026-03-04	06:30:00	5168.06	5170.76	5152.13	5161.71	6411	0	4
2026-03-04	06:45:00	5161.71	5165.13	5154.78	5156.94	5258	0	4
2026-03-04	07:00:00	5156.94	5166.3	5152.15	5161.14	7299	0	4
2026-03-04	07:15:00	5161.14	5165.98	5153.01	5156.66	6520	0	4
2026-03-04	07:30:00	5156.63	5167.67	5155.28	5160.31	8353	0	4
2026-03-04	07:45:00	5160.31	5168.32	5154.01	5160.07	8674	0	4
2026-03-04	08:00:00	5160.07	5160.07	5122.39	5142.09	10120	0	4
2026-03-04	08:15:00	5141.76	5150.52	5128.91	5134.51	9411	0	4
2026-03-04	08:30:00	5134.51	5156.13	5132.7	5148.74	8933	0	4
2026-03-04	08:45:00	5148.74	5160.82	5146.75	5160.82	7397	0	4
2026-03-04	09:00:00	5160.59	5175.98	5158.44	5167.66	7905	0	4
2026-03-04	09:15:00	5167.66	5174.63	5163.42	5167.65	6480	0	4
2026-03-04	09:30:00	5167.64	5173.24	5163.68	5169.59	5414	0	4
2026-03-04	09:45:00	5169.59	5175.91	5168.29	5168.29	5146	0	4
2026-03-04	10:00:00	5168.29	5172.24	5147.91	5157.29	9718	0	4
2026-03-04	10:15:00	5157.29	5168.81	5152.36	5162.8	5508	0	4
2026-03-04	10:30:00	5162.8	5176.18	5161.92	5175.77	6235	0	4
2026-03-04	10:45:00	5175.77	5182.22	5166.31	5167.63	5622	0	4
2026-03-04	11:00:00	5167.63	5171.42	5159.24	5164.12	7420	0	4
2026-03-04	11:15:00	5164.12	5178.52	5162.46	5170.9	5344	0	4
2026-03-04	11:30:00	5170.9	5185.02	5168.98	5182.56	4740	0	4
2026-03-04	11:45:00	5182.56	5184.99	5175.96	5182.34	5361	0	4
2026-03-04	12:00:00	5182.34	5198.1	5182.34	5198.1	7630	0	4
2026-03-04	12:15:00	5198.39	5202.58	5186.85	5188.18	7752	0	4
2026-03-04	12:30:00	5188.18	5191.28	5179.59	5185.51	5758	0	4
2026-03-04	12:45:00	5185.51	5193.84	5181.55	5189.87	4303	0	4
2026-03-04	13:00:00	5189.87	5196.56	5187.75	5195.14	4187	0	4
2026-03-04	13:15:00	5195.14	5197.67	5190.3	5194.96	3843	0	4
2026-03-04	13:30:00	5194.95	5200.77	5190.98	5192.99	5258	0	4
2026-03-04	13:45:00	5192.99	5194.45	5187.74	5192.23	4398	0	4
2026-03-04	14:00:00	5192.23	5206.14	5192.2	5197.51	5753	0	4
2026-03-04	14:15:00	5197.51	5197.76	5174.21	5178.43	7648	0	4
2026-03-04	14:30:00	5178.43	5178.54	5156.27	5167.02	11251	0	4
2026-03-04	14:45:00	5167.02	5173.3	5159.7	5171.19	5895	0	4
2026-03-04	15:00:00	5171.19	5196.32	5171.0	5193.43	9819	0	4
2026-03-04	15:15:00	5193.43	5195.48	5179.25	5192.33	9030	0	4
2026-03-04	15:30:00	5192.33	5192.95	5181.96	5188.39	8607	0	4
2026-03-04	15:45:00	5188.39	5192.32	5167.48	5167.96	8558	0	4
2026-03-04	16:00:00	5167.96	5180.79	5164.03	5165.25	10122	0	4
2026-03-04	16:15:00	5165.26	5175.25	5160.03	5166.33	12282	0	4
2026-03-04	16:30:00	5166.33	5185.18	5163.16	5171.76	16617	0	4
2026-03-04	16:45:00	5171.76	5179.7	5138.74	5146.48	18006	0	4
2026-03-04	17:00:00	5145.48	5162.93	5131.3	5134.48	17766	0	4
2026-03-04	17:15:00	5134.45	5159.97	5132.74	5156.3	14925	0	4
2026-03-04	17:30:00	5156.23	5167.13	5137.64	5143.95	15273	0	4
2026-03-04	17:45:00	5143.95	5153.06	5133.46	5151.44	11817	0	4
2026-03-04	18:00:00	5151.46	5162.57	5143.45	5148.55	12513	0	4
2026-03-04	18:15:00	5148.56	5155.98	5138.31	5146.21	11310	0	4
2026-03-04	18:30:00	5146.21	5159.21	5144.11	5146.81	10342	0	4
2026-03-04	18:45:00	5146.81	5152.85	5142.93	5149.8	8372	0	4
2026-03-04	19:00:00	5149.8	5153.08	5143.05	5147.39	8217	0	4
2026-03-04	19:15:00	5147.39	5149.65	5120.33	5133.67	10350	0	4
2026-03-04	19:30:00	5133.67	5139.3	5128.32	5137.57	9567	0	4
2026-03-04	19:45:00	5137.59	5147.66	5135.67	5141.12	8495	0	4
2026-03-04	20:00:00	5141.12	5143.55	5117.5	5124.73	11813	0	4
2026-03-04	20:15:00	5124.73	5128.17	5111.39	5124.01	10992	0	4
2026-03-04	20:30:00	5124.01	5130.07	5108.83	5125.26	8144	0	4
2026-03-04	20:45:00	5125.26	5134.87	5123.8	5134.01	6465	0	4
2026-03-04	21:00:00	5134.01	5136.8	5126.24	5131.26	4808	0	4
2026-03-04	21:15:00	5131.26	5133.29	5124.59	5124.7	5198	0	4
2026-03-04	21:30:00	5124.7	5132.23	5123.37	5130.96	5925	0	4
2026-03-04	21:45:00	5130.96	5139.67	5129.72	5137.94	5800	0	4
2026-03-04	22:00:00	5137.85	5138.91	5126.93	5130.02	6406	0	4
2026-03-04	22:15:00	5130.05	5138.47	5123.78	5137.28	6052	0	4
2026-03-04	22:30:00	5137.29	5146.78	5137.01	5144.07	5384	0	4
2026-03-04	22:45:00	5144.15	5144.65	5132.94	5134.79	7065	0	4
2026-03-04	23:00:00	5134.81	5144.08	5133.85	5140.45	2862	0	4
2026-03-04	23:15:00	5140.39	5141.47	5136.18	5141.25	2157	0	4
2026-03-04	23:30:00	5141.32	5141.8	5129.52	5135.56	2705	0	4
2026-03-04	23:45:00	5135.57	5142.1	5134.92	5140.02	1937	0	4
2026-03-05	01:00:00	5140.17	5154.9	5140.17	5146.99	2651	0	4
2026-03-05	01:15:00	5146.99	5156.88	5146.51	5154.78	2126	0	4
2026-03-05	01:30:00	5154.78	5156.42	5148.8	5155.76	2265	0	4
2026-03-05	01:45:00	5155.76	5166.19	5155.0	5165.18	4035	0	4
2026-03-05	02:00:00	5165.18	5172.83	5159.5	5171.12	4172	0	4
2026-03-05	02:15:00	5171.12	5179.88	5170.76	5173.48	3327	0	4
2026-03-05	02:30:00	5173.48	5176.87	5168.36	5171.54	2786	0	4
2026-03-05	02:45:00	5171.54	5177.32	5166.39	5172.62	3987	0	4
2026-03-05	03:00:00	5172.62	5186.54	5169.77	5176.52	7982	0	4
2026-03-05	03:15:00	5176.52	5182.47	5172.6	5177.56	7206	0	4
2026-03-05	03:30:00	5177.56	5179.06	5167.56	5172.72	8501	0	4
2026-03-05	03:45:00	5172.71	5180.14	5169.42	5172.73	7455	0	4
2026-03-05	04:00:00	5172.69	5181.83	5171.73	5178.66	7742	0	4
2026-03-05	04:15:00	5178.66	5188.24	5176.58	5184.16	4997	0	4
2026-03-05	04:30:00	5184.18	5187.24	5174.7	5175.57	6750	0	4
2026-03-05	04:45:00	5175.64	5192.5	5174.33	5192.05	6230	0	4
2026-03-05	05:00:00	5192.05	5195.01	5184.0	5185.87	6039	0	4
2026-03-05	05:15:00	5185.89	5191.2	5184.63	5185.09	4536	0	4
2026-03-05	05:30:00	5185.08	5190.9	5181.38	5188.62	3619	0	4
2026-03-05	05:45:00	5188.62	5191.11	5178.31	5180.27	3661	0	4
2026-03-05	06:00:00	5180.26	5185.81	5176.83	5183.72	2969	0	4
2026-03-05	06:15:00	5183.71	5186.67	5174.83	5178.41	3303	0	4
2026-03-05	06:30:00	5178.41	5180.27	5173.79	5174.45	2898	0	4
2026-03-05	06:45:00	5174.45	5175.76	5166.35	5171.72	3555	0	4
2026-03-05	07:00:00	5171.72	5176.82	5169.18	5175.59	3258	0	4
2026-03-05	07:15:00	5175.59	5176.71	5169.94	5172.49	3077	0	4
2026-03-05	07:30:00	5172.49	5174.38	5161.94	5166.45	6364	0	4
2026-03-05	07:45:00	5166.45	5169.46	5148.4	5148.62	6435	0	4
2026-03-05	08:00:00	5148.62	5155.37	5120.65	5132.64	11418	0	4
2026-03-05	08:15:00	5132.82	5143.92	5124.54	5143.05	8266	0	4
2026-03-05	08:30:00	5143.04	5156.75	5140.06	5150.89	6597	0	4
2026-03-05	08:45:00	5150.89	5168.81	5149.12	5167.66	6584	0	4
2026-03-05	09:00:00	5167.66	5172.78	5161.44	5162.1	6207	0	4
2026-03-05	09:15:00	5162.1	5168.09	5160.03	5166.31	6044	0	4
2026-03-05	09:30:00	5166.3	5167.15	5159.71	5160.39	7665	0	4
2026-03-05	09:45:00	5160.39	5166.16	5158.99	5162.29	5627	0	4
2026-03-05	10:00:00	5162.29	5162.62	5141.9	5141.91	7687	0	4
2026-03-05	10:15:00	5141.91	5148.68	5137.79	5144.65	6810	0	4
2026-03-05	10:30:00	5144.65	5163.56	5143.73	5161.28	6508	0	4
2026-03-05	10:45:00	5161.28	5170.21	5161.28	5165.7	6477	0	4
2026-03-05	11:00:00	5165.68	5180.5	5161.48	5179.54	11445	0	4
2026-03-05	11:15:00	5179.54	5180.61	5167.09	5169.69	7182	0	4
2026-03-05	11:30:00	5169.67	5169.8	5153.66	5162.6	6634	0	4
2026-03-05	11:45:00	5162.6	5165.36	5157.21	5161.03	5405	0	4
2026-03-05	12:00:00	5160.96	5161.0	5146.35	5154.4	5711	0	4
2026-03-05	12:15:00	5154.4	5158.65	5151.65	5156.24	4931	0	4
2026-03-05	12:30:00	5156.15	5158.85	5147.64	5157.12	4834	0	4
2026-03-05	12:45:00	5157.13	5167.63	5156.4	5164.66	4873	0	4
2026-03-05	13:00:00	5164.66	5168.02	5161.59	5164.6	4178	0	4
2026-03-05	13:15:00	5164.6	5166.95	5161.05	5163.09	3386	0	4
2026-03-05	13:30:00	5163.09	5164.76	5156.97	5160.99	3744	0	4
2026-03-05	13:45:00	5160.99	5165.11	5160.43	5163.79	3145	0	4
2026-03-05	14:00:00	5163.8	5171.53	5163.17	5168.59	4212	0	4
2026-03-05	14:15:00	5168.59	5170.59	5161.92	5161.95	4272	0	4
2026-03-05	14:30:00	5161.95	5167.84	5160.93	5162.54	3887	0	4
2026-03-05	14:45:00	5162.53	5166.2	5160.97	5162.68	4167	0	4
2026-03-05	15:00:00	5162.68	5164.16	5146.57	5155.93	8314	0	4
2026-03-05	15:15:00	5155.93	5160.13	5083.3	5122.3	15710	0	4
2026-03-05	15:30:00	5122.29	5138.01	5114.97	5131.4	9460	0	4
2026-03-05	15:45:00	5131.45	5132.14	5109.91	5118.07	10254	0	4
2026-03-05	16:00:00	5118.07	5130.06	5110.3	5112.95	9508	0	4
2026-03-05	16:15:00	5112.95	5120.97	5102.93	5120.35	9770	0	4
2026-03-05	16:30:00	5120.34	5123.81	5090.9	5097.51	16043	0	4
2026-03-05	16:45:00	5097.53	5111.11	5091.43	5102.23	16369	0	4
2026-03-05	17:00:00	5102.23	5119.98	5060.45	5085.41	16596	0	4
2026-03-05	17:15:00	5085.4	5094.05	5071.97	5086.52	15525	0	4
2026-03-05	17:30:00	5086.52	5093.84	5077.78	5080.53	14493	0	4
2026-03-05	17:45:00	5080.53	5103.15	5079.55	5102.56	11610	0	4
2026-03-05	18:00:00	5102.59	5104.65	5074.26	5083.13	10796	0	4
2026-03-05	18:15:00	5083.13	5085.3	5060.2	5063.86	11479	0	4
2026-03-05	18:30:00	5063.86	5072.76	5054.36	5070.93	13830	0	4
2026-03-05	18:45:00	5070.94	5081.35	5070.32	5077.73	9900	0	4
2026-03-05	19:00:00	5077.73	5089.58	5074.12	5086.44	9523	0	4
2026-03-05	19:15:00	5086.56	5088.8	5074.92	5075.18	9429	0	4
2026-03-05	19:30:00	5075.24	5077.32	5055.02	5063.62	12109	0	4
2026-03-05	19:45:00	5063.62	5069.27	5055.74	5062.95	11600	0	4
2026-03-05	20:00:00	5062.93	5073.6	5050.88	5071.94	12530	0	4
2026-03-05	20:15:00	5071.92	5076.06	5061.51	5071.27	11568	0	4
2026-03-05	20:30:00	5071.26	5085.5	5070.7	5083.14	8718	0	4
2026-03-05	20:45:00	5083.25	5083.7	5067.21	5069.5	7670	0	4
2026-03-05	21:00:00	5069.51	5081.37	5067.59	5073.49	7870	0	4
2026-03-05	21:15:00	5073.49	5073.52	5062.15	5066.9	8338	0	4
2026-03-05	21:30:00	5066.9	5067.25	5055.78	5065.76	9191	0	4
2026-03-05	21:45:00	5065.76	5070.58	5062.26	5066.11	8935	0	4
2026-03-05	22:00:00	5066.11	5079.87	5061.61	5079.04	9309	0	4
2026-03-05	22:15:00	5079.12	5094.8	5076.15	5080.66	9279	0	4
2026-03-05	22:30:00	5080.68	5082.55	5074.27	5080.66	8012	0	4
2026-03-05	22:45:00	5080.66	5081.75	5072.87	5076.71	9209	0	4
2026-03-05	23:00:00	5076.71	5084.22	5071.93	5076.38	2959	0	4
2026-03-05	23:15:00	5076.39	5081.27	5075.48	5080.55	1916	0	4
2026-03-05	23:30:00	5080.64	5082.46	5072.46	5075.32	2264	0	4
2026-03-05	23:45:00	5075.32	5084.82	5074.4	5081.55	1703	0	4
2026-03-06	01:00:00	5081.57	5091.99	5074.42	5086.38	2451	0	4
2026-03-06	01:15:00	5086.38	5096.81	5083.05	5091.36	3386	0	4
2026-03-06	01:30:00	5091.17	5102.01	5087.42	5101.01	2436	0	4
2026-03-06	01:45:00	5101.01	5101.01	5084.7	5086.23	3791	0	4
2026-03-06	02:00:00	5086.25	5091.55	5074.2	5085.16	4735	0	4
2026-03-06	02:15:00	5085.16	5092.36	5078.27	5090.75	4124	0	4
2026-03-06	02:30:00	5090.75	5092.25	5075.31	5083.7	3359	0	4
2026-03-06	02:45:00	5083.7	5089.95	5076.89	5084.62	4346	0	4
2026-03-06	03:00:00	5084.62	5086.34	5066.5	5077.15	9543	0	4
2026-03-06	03:15:00	5077.14	5089.12	5075.36	5085.82	8041	0	4
2026-03-06	03:30:00	5085.82	5120.39	5085.63	5118.42	8184	0	4
2026-03-06	03:45:00	5118.42	5143.94	5117.6	5134.76	8387	0	4
2026-03-06	04:00:00	5134.75	5138.55	5125.45	5130.47	6749	0	4
2026-03-06	04:15:00	5130.3	5134.49	5127.87	5128.76	3263	0	4
2026-03-06	04:30:00	5128.76	5131.98	5122.16	5124.41	4311	0	4
2026-03-06	04:45:00	5124.41	5129.26	5122.96	5126.43	3785	0	4
2026-03-06	05:00:00	5126.4	5134.94	5124.26	5133.07	4077	0	4
2026-03-06	05:15:00	5133.07	5141.53	5130.9	5136.58	4793	0	4
2026-03-06	05:30:00	5136.58	5138.09	5129.1	5132.42	3126	0	4
2026-03-06	05:45:00	5132.42	5134.71	5129.87	5131.05	2184	0	4
2026-03-06	06:00:00	5131.05	5136.07	5130.57	5135.16	2915	0	4
2026-03-06	06:15:00	5135.16	5136.4	5127.6	5129.7	2074	0	4
2026-03-06	06:30:00	5129.69	5133.52	5128.36	5132.58	2021	0	4
2026-03-06	06:45:00	5132.58	5135.9	5126.28	5127.56	2204	0	4
2026-03-06	07:00:00	5127.56	5129.99	5122.91	5126.74	2932	0	4
2026-03-06	07:15:00	5126.74	5130.1	5122.98	5129.88	2914	0	4
2026-03-06	07:30:00	5129.88	5130.18	5119.18	5121.19	5340	0	4
2026-03-06	07:45:00	5121.19	5123.53	5114.39	5117.4	4673	0	4
2026-03-06	08:00:00	5117.4	5121.69	5109.26	5116.44	4446	0	4
2026-03-06	08:15:00	5116.44	5122.99	5114.62	5120.27	3986	0	4
2026-03-06	08:30:00	5120.27	5122.94	5116.58	5121.34	3585	0	4
2026-03-06	08:45:00	5121.34	5122.53	5115.23	5115.75	3119	0	4
2026-03-06	09:00:00	5115.75	5117.63	5105.86	5111.47	3368	0	4
2026-03-06	09:15:00	5111.47	5119.78	5110.71	5114.68	3650	0	4
2026-03-06	09:30:00	5114.68	5116.46	5107.72	5114.23	3700	0	4
2026-03-06	09:45:00	5114.23	5120.85	5112.56	5119.68	3373	0	4
2026-03-06	10:00:00	5119.74	5123.25	5110.85	5115.49	5261	0	4
2026-03-06	10:15:00	5115.44	5117.69	5099.39	5100.63	5256	0	4
2026-03-06	10:30:00	5100.6	5108.69	5096.35	5107.44	4150	0	4
2026-03-06	10:45:00	5107.44	5113.62	5106.96	5108.71	3638	0	4
2026-03-06	11:00:00	5108.71	5109.65	5094.62	5095.81	5323	0	4
2026-03-06	11:15:00	5095.82	5102.56	5091.94	5099.08	5368	0	4
2026-03-06	11:30:00	5099.08	5103.85	5087.81	5096.26	5875	0	4
2026-03-06	11:45:00	5096.26	5097.37	5083.39	5085.8	5837	0	4
2026-03-06	12:00:00	5085.8	5090.65	5075.72	5082.69	6426	0	4
2026-03-06	12:15:00	5082.69	5093.04	5079.88	5087.45	4768	0	4
2026-03-06	12:30:00	5087.4	5091.75	5080.9	5081.66	4710	0	4
2026-03-06	12:45:00	5081.66	5092.89	5081.66	5091.09	5081	0	4
2026-03-06	13:00:00	5091.09	5091.61	5080.6	5086.21	5488	0	4
2026-03-06	13:15:00	5086.21	5098.31	5085.69	5094.65	4262	0	4
2026-03-06	13:30:00	5094.65	5099.82	5080.98	5081.23	5636	0	4
2026-03-06	13:45:00	5081.23	5087.2	5062.82	5077.2	7602	0	4
2026-03-06	14:00:00	5077.2	5091.23	5076.35	5089.99	7816	0	4
2026-03-06	14:15:00	5089.99	5096.67	5086.21	5088.63	5746	0	4
2026-03-06	14:30:00	5088.63	5096.69	5085.44	5096.4	6860	0	4
2026-03-06	14:45:00	5096.38	5096.78	5081.44	5083.44	5899	0	4
2026-03-06	15:00:00	5083.44	5083.63	5065.61	5073.22	11886	0	4
2026-03-06	15:15:00	5073.22	5088.81	5072.64	5082.62	8822	0	4
2026-03-06	15:30:00	5082.62	5131.07	5082.62	5121.88	13793	0	4
2026-03-06	15:45:00	5121.88	5122.48	5073.97	5085.19	13621	0	4
2026-03-06	16:00:00	5085.19	5102.83	5080.99	5096.96	11664	0	4
2026-03-06	16:15:00	5097.0	5109.42	5088.21	5104.49	10085	0	4
2026-03-06	16:30:00	5104.49	5115.29	5084.3	5089.48	17458	0	4
2026-03-06	16:45:00	5089.48	5132.0	5087.65	5130.32	16022	0	4
2026-03-06	17:00:00	5130.32	5159.27	5128.1	5149.22	17509	0	4
2026-03-06	17:15:00	5149.22	5171.78	5144.41	5161.74	14350	0	4
2026-03-06	17:30:00	5161.74	5166.6	5149.6	5154.01	11971	0	4
2026-03-06	17:45:00	5154.01	5157.5	5134.52	5141.88	11567	0	4
2026-03-06	18:00:00	5141.8	5150.81	5136.21	5143.77	10617	0	4
2026-03-06	18:15:00	5143.79	5153.21	5136.4	5142.36	9722	0	4
2026-03-06	18:30:00	5142.43	5146.17	5126.04	5142.08	9971	0	4
2026-03-06	18:45:00	5142.08	5148.16	5129.99	5139.88	10308	0	4
2026-03-06	19:00:00	5139.88	5142.44	5128.98	5136.67	9842	0	4
2026-03-06	19:15:00	5136.67	5145.36	5133.2	5142.17	8974	0	4
2026-03-06	19:30:00	5142.17	5152.53	5136.69	5137.51	8247	0	4
2026-03-06	19:45:00	5137.51	5140.85	5132.89	5140.76	6829	0	4
2026-03-06	20:00:00	5140.76	5147.39	5138.68	5145.43	7583	0	4
2026-03-06	20:15:00	5145.43	5151.03	5143.04	5150.37	8099	0	4
2026-03-06	20:30:00	5150.38	5165.35	5148.82	5165.2	6202	0	4
2026-03-06	20:45:00	5165.21	5167.73	5156.66	5161.13	5622	0	4
2026-03-06	21:00:00	5161.09	5171.32	5160.58	5171.27	6541	0	4
2026-03-06	21:15:00	5171.27	5174.64	5164.43	5165.23	5699	0	4
2026-03-06	21:30:00	5165.23	5168.11	5157.7	5158.17	5844	0	4
2026-03-06	21:45:00	5158.17	5163.96	5156.64	5159.84	5378	0	4
2026-03-06	22:00:00	5159.8	5162.68	5153.83	5155.32	5815	0	4
2026-03-06	22:15:00	5155.32	5160.62	5152.54	5153.75	5104	0	4
2026-03-06	22:30:00	5153.78	5161.64	5149.45	5157.61	6344	0	4
2026-03-06	22:45:00	5157.6	5160.52	5150.75	5153.36	6122	0	4
2026-03-06	23:00:00	5153.33	5167.46	5150.9	5165.17	3145	0	4
2026-03-06	23:15:00	5165.18	5170.48	5164.59	5168.23	1565	0	4
2026-03-06	23:30:00	5168.02	5171.71	5166.09	5170.21	1499	0	4
2026-03-06	23:45:00	5170.21	5176.07	5168.97	5171.92	1948	0	4
2026-03-09	01:00:00	5129.95	5135.55	5093.15	5101.85	7260	0	4
2026-03-09	01:15:00	5101.86	5106.86	5095.2	5104.57	4958	0	4
2026-03-09	01:30:00	5104.63	5105.05	5044.37	5073.06	6609	0	4
2026-03-09	01:45:00	5072.98	5079.78	5054.25	5076.1	7001	0	4
2026-03-09	02:00:00	5076.1	5080.11	5028.44	5036.28	7728	0	4
2026-03-09	02:15:00	5036.28	5053.07	5032.75	5045.99	7258	0	4
2026-03-09	02:30:00	5046.15	5060.41	5044.07	5052.91	6339	0	4
2026-03-09	02:45:00	5052.9	5057.66	5033.64	5049.95	7734	0	4
2026-03-09	03:00:00	5049.95	5074.47	5014.71	5072.37	10041	0	4
2026-03-09	03:15:00	5072.37	5087.61	5069.92	5072.05	7765	0	4
2026-03-09	03:30:00	5072.05	5086.19	5071.6	5080.43	7361	0	4
2026-03-09	03:45:00	5080.33	5082.51	5064.69	5070.1	7172	0	4
2026-03-09	04:00:00	5070.1	5095.22	5055.43	5094.41	7528	0	4
2026-03-09	04:15:00	5094.45	5094.58	5072.84	5077.81	6233	0	4
2026-03-09	04:30:00	5077.76	5093.95	5076.8	5092.67	7670	0	4
2026-03-09	04:45:00	5092.67	5099.28	5085.77	5094.7	6086	0	4
2026-03-09	05:00:00	5094.7	5099.72	5084.23	5087.22	6755	0	4
2026-03-09	05:15:00	5087.22	5102.45	5084.02	5084.02	6266	0	4
2026-03-09	05:30:00	5084.02	5094.12	5081.73	5087.08	6011	0	4
2026-03-09	05:45:00	5087.08	5093.58	5087.01	5091.49	3953	0	4
2026-03-09	06:00:00	5091.49	5097.28	5087.11	5090.93	4479	0	4
2026-03-09	06:15:00	5091.07	5094.7	5088.31	5089.38	3156	0	4
2026-03-09	06:30:00	5089.48	5093.12	5087.39	5090.44	3804	0	4
2026-03-09	06:45:00	5090.45	5091.44	5085.4	5090.29	3425	0	4
2026-03-09	07:00:00	5090.29	5102.14	5080.94	5096.64	5604	0	4
2026-03-09	07:15:00	5096.53	5104.16	5087.43	5095.48	7656	0	4
2026-03-09	07:30:00	5095.48	5121.36	5092.0	5120.85	9889	0	4
2026-03-09	07:45:00	5120.85	5140.61	5119.54	5124.35	11086	0	4
2026-03-09	08:00:00	5124.35	5134.13	5119.16	5127.79	10189	0	4
2026-03-09	08:15:00	5127.79	5131.35	5123.25	5126.48	7155	0	4
2026-03-09	08:30:00	5126.48	5129.81	5104.87	5107.01	8255	0	4
2026-03-09	08:45:00	5107.02	5111.41	5097.09	5097.71	7113	0	4
2026-03-09	09:00:00	5097.71	5102.13	5088.63	5096.96	7307	0	4
2026-03-09	09:15:00	5096.96	5107.03	5095.32	5106.71	5465	0	4
2026-03-09	09:30:00	5106.71	5107.92	5099.88	5101.16	5229	0	4
2026-03-09	09:45:00	5101.15	5101.52	5093.67	5099.12	4891	0	4
2026-03-09	10:00:00	5099.11	5110.88	5098.93	5099.96	7811	0	4
2026-03-09	10:15:00	5099.96	5106.58	5090.83	5091.66	6453	0	4
2026-03-09	10:30:00	5091.66	5096.83	5087.1	5090.16	5966	0	4
2026-03-09	10:45:00	5090.16	5102.6	5087.25	5096.62	5952	0	4
2026-03-09	11:00:00	5096.56	5116.83	5095.15	5112.78	6605	0	4
2026-03-09	11:15:00	5112.78	5127.0	5112.34	5125.32	7093	0	4
2026-03-09	11:30:00	5125.35	5132.61	5102.85	5102.86	9714	0	4
2026-03-09	11:45:00	5102.86	5107.57	5096.54	5105.3	6779	0	4
2026-03-09	12:00:00	5105.3	5111.13	5102.85	5109.22	5585	0	4
2026-03-09	12:15:00	5109.22	5110.44	5098.28	5099.75	4511	0	4
2026-03-09	12:30:00	5099.75	5100.22	5089.02	5095.83	6784	0	4
2026-03-09	12:45:00	5095.83	5096.66	5084.26	5087.23	5920	0	4
2026-03-09	13:00:00	5087.23	5097.38	5087.23	5090.46	5751	0	4
2026-03-09	13:15:00	5090.46	5092.48	5079.84	5085.85	5737	0	4
2026-03-09	13:30:00	5085.85	5093.16	5082.15	5085.83	5278	0	4
2026-03-09	13:45:00	5085.83	5094.64	5084.11	5088.07	4843	0	4
2026-03-09	14:00:00	5088.07	5099.82	5088.07	5096.4	5610	0	4
2026-03-09	14:15:00	5096.4	5110.06	5094.52	5109.4	5437	0	4
2026-03-09	14:30:00	5109.4	5112.14	5103.86	5106.95	5491	0	4
2026-03-09	14:45:00	5106.97	5107.09	5093.41	5094.92	5741	0	4
2026-03-09	15:00:00	5094.92	5099.32	5088.12	5092.61	8325	0	4
2026-03-09	15:15:00	5092.61	5098.37	5084.6	5094.8	7984	0	4
2026-03-09	15:30:00	5094.8	5111.31	5074.35	5076.09	13323	0	4
2026-03-09	15:45:00	5076.09	5084.69	5067.36	5074.14	13431	0	4
2026-03-09	16:00:00	5074.14	5088.44	5061.04	5071.4	13617	0	4
2026-03-09	16:15:00	5071.4	5084.35	5064.82	5081.76	12653	0	4
2026-03-09	16:30:00	5081.7	5114.77	5080.14	5112.49	11580	0	4
2026-03-09	16:45:00	5112.49	5116.12	5086.02	5093.97	10340	0	4
2026-03-09	17:00:00	5093.97	5094.68	5079.66	5091.61	9859	0	4
2026-03-09	17:15:00	5091.62	5100.33	5082.02	5099.64	7926	0	4
2026-03-09	17:30:00	5099.64	5102.59	5093.06	5094.97	7383	0	4
2026-03-09	17:45:00	5094.97	5103.47	5094.18	5099.64	6975	0	4
2026-03-09	18:00:00	5099.74	5109.48	5096.93	5103.45	7018	0	4
2026-03-09	18:15:00	5103.45	5105.36	5094.69	5103.82	6696	0	4
2026-03-09	18:30:00	5103.97	5110.73	5102.79	5107.27	5375	0	4
2026-03-09	18:45:00	5107.27	5108.76	5103.05	5104.68	5397	0	4
2026-03-09	19:00:00	5104.68	5106.92	5098.29	5099.8	5331	0	4
2026-03-09	19:15:00	5099.8	5102.31	5091.08	5095.04	6239	0	4
2026-03-09	19:30:00	5095.05	5097.97	5089.13	5090.84	5854	0	4
2026-03-09	19:45:00	5090.84	5099.56	5090.78	5096.03	5077	0	4
2026-03-09	20:00:00	5096.03	5098.12	5092.53	5097.6	4449	0	4
2026-03-09	20:15:00	5097.6	5107.07	5096.7	5105.15	4962	0	4
2026-03-09	20:30:00	5105.1	5120.31	5104.25	5118.12	5239	0	4
2026-03-09	20:45:00	5118.12	5126.49	5115.55	5123.33	4712	0	4
2026-03-09	21:00:00	5123.33	5130.6	5118.55	5122.86	5655	0	4
2026-03-09	21:15:00	5122.86	5143.68	5118.51	5139.89	8584	0	4
2026-03-09	21:30:00	5139.89	5139.97	5125.02	5135.32	8735	0	4
2026-03-09	21:45:00	5135.26	5144.11	5129.05	5141.02	7927	0	4
2026-03-09	22:00:00	5141.02	5148.16	5137.84	5139.82	4699	0	4
2026-03-09	22:15:00	5139.83	5140.42	5134.4	5139.38	2748	0	4
2026-03-09	22:30:00	5139.38	5139.76	5134.94	5139.3	2084	0	4
2026-03-09	22:45:00	5139.27	5140.76	5133.82	5138.19	2559	0	4
2026-03-09	23:00:00	5138.19	5138.19	5138.19	5138.19	1	0	127
2026-03-10	01:00:00	5153.02	5154.63	5138.65	5146.22	4310	0	4
2026-03-10	01:15:00	5146.2	5156.09	5142.68	5144.85	3659	0	4
2026-03-10	01:30:00	5144.85	5149.65	5135.81	5137.29	3390	0	4
2026-03-10	01:45:00	5137.29	5143.36	5136.99	5139.7	2784	0	4
2026-03-10	02:00:00	5139.7	5141.3	5130.97	5136.84	4321	0	4
2026-03-10	02:15:00	5136.85	5137.85	5129.05	5130.48	4230	0	4
2026-03-10	02:30:00	5130.48	5137.82	5124.82	5137.47	4295	0	4
2026-03-10	02:45:00	5137.47	5139.22	5128.12	5131.04	4588	0	4
2026-03-10	03:00:00	5131.06	5153.61	5124.65	5143.51	8593	0	4
2026-03-10	03:15:00	5143.51	5167.86	5142.12	5157.94	8494	0	4
2026-03-10	03:30:00	5157.93	5168.92	5152.86	5166.21	7820	0	4
2026-03-10	03:45:00	5166.21	5186.26	5164.32	5184.35	7041	0	4
2026-03-10	04:00:00	5184.34	5187.08	5170.55	5175.43	6839	0	4
2026-03-10	04:15:00	5175.43	5181.19	5172.58	5179.99	4552	0	4
2026-03-10	04:30:00	5179.97	5184.72	5175.84	5182.29	6465	0	4
2026-03-10	04:45:00	5182.29	5185.81	5163.88	5165.99	6345	0	4
2026-03-10	05:00:00	5165.97	5173.5	5165.2	5166.51	5232	0	4
2026-03-10	05:15:00	5166.51	5170.64	5161.78	5166.76	5109	0	4
2026-03-10	05:30:00	5166.75	5167.97	5160.08	5162.61	4297	0	4
2026-03-10	05:45:00	5162.65	5163.07	5155.84	5157.9	3664	0	4
2026-03-10	06:00:00	5157.52	5165.2	5154.37	5164.39	4185	0	4
2026-03-10	06:15:00	5164.39	5166.62	5161.43	5162.49	3028	0	4
2026-03-10	06:30:00	5162.48	5165.58	5161.45	5162.06	2776	0	4
2026-03-10	06:45:00	5162.03	5165.46	5161.58	5163.87	2172	0	4
2026-03-10	07:00:00	5163.89	5173.41	5163.84	5173.0	4102	0	4
2026-03-10	07:15:00	5173.0	5174.42	5169.07	5171.73	2695	0	4
2026-03-10	07:30:00	5171.73	5174.35	5167.39	5168.75	4421	0	4
2026-03-10	07:45:00	5168.7	5179.33	5166.92	5178.01	4287	0	4
2026-03-10	08:00:00	5178.04	5180.94	5174.13	5179.55	5008	0	4
2026-03-10	08:15:00	5179.55	5179.69	5171.85	5176.19	4131	0	4
2026-03-10	08:30:00	5176.19	5179.15	5173.6	5175.86	4367	0	4
2026-03-10	08:45:00	5175.81	5177.37	5173.35	5175.34	4468	0	4
2026-03-10	09:00:00	5175.34	5179.0	5170.81	5174.75	4726	0	4
2026-03-10	09:15:00	5174.75	5177.58	5158.58	5169.45	5257	0	4
2026-03-10	09:30:00	5169.39	5178.37	5165.56	5176.14	4275	0	4
2026-03-10	09:45:00	5176.16	5181.29	5175.04	5181.05	4632	0	4
2026-03-10	10:00:00	5181.05	5185.35	5175.0	5179.81	6396	0	4
2026-03-10	10:15:00	5179.84	5184.22	5175.48	5184.14	4209	0	4
2026-03-10	10:30:00	5184.11	5194.11	5183.04	5189.84	5534	0	4
2026-03-10	10:45:00	5189.97	5195.15	5182.85	5183.32	4657	0	4
2026-03-10	11:00:00	5183.46	5189.41	5180.66	5187.91	3809	0	4
2026-03-10	11:15:00	5187.91	5189.3	5180.8	5186.91	4272	0	4
2026-03-10	11:30:00	5186.91	5188.24	5181.92	5187.66	4212	0	4
2026-03-10	11:45:00	5187.66	5189.16	5182.58	5182.58	3670	0	4
2026-03-10	12:00:00	5182.59	5184.0	5175.87	5181.38	4681	0	4
2026-03-10	12:15:00	5181.38	5182.1	5173.03	5173.8	5223	0	4
2026-03-10	12:30:00	5173.93	5176.64	5156.55	5169.19	6618	0	4
2026-03-10	12:45:00	5169.18	5178.2	5168.94	5177.21	4865	0	4
2026-03-10	13:00:00	5177.21	5191.94	5176.59	5187.23	6564	0	4
2026-03-10	13:15:00	5187.22	5190.04	5179.82	5182.99	5310	0	4
2026-03-10	13:30:00	5183.0	5185.13	5173.8	5174.37	4666	0	4
2026-03-10	13:45:00	5174.37	5179.6	5171.81	5175.14	5030	0	4
2026-03-10	14:00:00	5175.14	5176.68	5162.44	5171.35	6769	0	4
2026-03-10	14:15:00	5171.34	5180.67	5165.71	5179.69	5483	0	4
2026-03-10	14:30:00	5179.7	5185.58	5178.46	5185.42	5187	0	4
2026-03-10	14:45:00	5185.42	5189.46	5180.45	5187.02	5347	0	4
2026-03-10	15:00:00	5187.02	5202.63	5186.01	5200.67	8350	0	4
2026-03-10	15:15:00	5200.71	5228.68	5199.08	5221.62	8913	0	4
2026-03-10	15:30:00	5221.62	5222.4	5207.3	5209.27	11014	0	4
2026-03-10	15:45:00	5209.27	5215.6	5196.21	5205.61	9886	0	4
2026-03-10	16:00:00	5205.61	5208.69	5185.41	5195.3	10053	0	4
2026-03-10	16:15:00	5195.33	5214.42	5194.37	5209.02	8579	0	4
2026-03-10	16:30:00	5209.03	5213.55	5202.79	5206.1	8632	0	4
2026-03-10	16:45:00	5206.1	5212.19	5204.72	5206.78	6650	0	4
2026-03-10	17:00:00	5206.74	5226.42	5203.24	5223.52	8080	0	4
2026-03-10	17:15:00	5223.55	5228.66	5221.69	5225.83	7077	0	4
2026-03-10	17:30:00	5225.81	5236.58	5225.26	5235.85	7556	0	4
2026-03-10	17:45:00	5235.85	5238.55	5226.99	5228.62	7012	0	4
2026-03-10	18:00:00	5228.65	5230.48	5222.64	5223.56	6098	0	4
2026-03-10	18:15:00	5223.56	5235.58	5222.72	5232.25	5850	0	4
2026-03-10	18:30:00	5232.46	5234.62	5227.26	5228.61	5388	0	4
2026-03-10	18:45:00	5228.61	5232.07	5226.01	5227.65	5375	0	4
2026-03-10	19:00:00	5227.68	5235.46	5226.95	5234.15	5201	0	4
2026-03-10	19:15:00	5234.34	5234.45	5223.61	5233.21	7506	0	4
2026-03-10	19:30:00	5233.28	5234.76	5227.53	5228.11	6633	0	4
2026-03-10	19:45:00	5228.1	5232.84	5226.42	5227.6	5096	0	4
2026-03-10	20:00:00	5227.6	5228.12	5215.44	5216.03	6470	0	4
2026-03-10	20:15:00	5216.03	5218.52	5160.75	5202.94	14575	0	4
2026-03-10	20:30:00	5202.94	5208.06	5189.96	5195.51	9696	0	4
2026-03-10	20:45:00	5195.1	5205.06	5190.92	5191.78	7269	0	4
2026-03-10	21:00:00	5191.78	5199.79	5184.25	5198.26	7431	0	4
2026-03-10	21:15:00	5198.29	5207.68	5198.15	5200.92	6355	0	4
2026-03-10	21:30:00	5200.92	5200.92	5179.92	5187.79	8241	0	4
2026-03-10	21:45:00	5187.8	5199.83	5187.69	5198.87	7636	0	4
2026-03-10	22:00:00	5198.86	5199.09	5193.53	5197.85	2390	0	4
2026-03-10	22:15:00	5197.85	5198.65	5191.69	5195.01	2290	0	4
2026-03-10	22:30:00	5194.96	5198.02	5193.16	5197.95	1545	0	4
2026-03-10	22:45:00	5197.98	5198.96	5191.24	5191.41	2116	0	4
2026-03-10	23:00:00	5191.41	5191.41	5191.41	5191.41	1	0	140
2026-03-11	01:00:00	5189.2	5196.66	5188.52	5191.76	2213	0	4
2026-03-11	01:15:00	5191.75	5197.52	5187.69	5193.73	2117	0	4
2026-03-11	01:30:00	5193.73	5195.96	5190.6	5191.23	1731	0	4
2026-03-11	01:45:00	5191.22	5197.32	5187.98	5197.32	2354	0	4
2026-03-11	02:00:00	5197.31	5198.33	5186.83	5192.54	4208	0	4
2026-03-11	02:15:00	5192.54	5215.61	5191.4	5212.46	5180	0	4
2026-03-11	02:30:00	5212.44	5212.51	5206.03	5211.38	3325	0	4
2026-03-11	02:45:00	5211.38	5219.4	5211.26	5215.47	4187	0	4
2026-03-11	03:00:00	5215.47	5223.29	5212.24	5215.43	6825	0	4
2026-03-11	03:15:00	5215.37	5223.07	5210.72	5214.83	5540	0	4
2026-03-11	03:30:00	5214.84	5219.97	5212.73	5214.48	4978	0	4
2026-03-11	03:45:00	5214.48	5217.91	5208.52	5208.54	4733	0	4
2026-03-11	04:00:00	5208.54	5209.7	5194.22	5201.52	5974	0	4
2026-03-11	04:15:00	5201.52	5206.69	5200.51	5204.24	3742	0	4
2026-03-11	04:30:00	5204.26	5209.93	5202.0	5207.71	4538	0	4
2026-03-11	04:45:00	5207.68	5220.52	5207.68	5217.37	4599	0	4
2026-03-11	05:00:00	5217.4	5220.44	5211.9	5213.87	4311	0	4
2026-03-11	05:15:00	5213.86	5214.82	5204.59	5204.72	4107	0	4
2026-03-11	05:30:00	5204.72	5209.55	5203.75	5208.09	2641	0	4
2026-03-11	05:45:00	5208.08	5208.64	5199.28	5203.36	2999	0	4
2026-03-11	06:00:00	5203.36	5206.34	5199.48	5205.84	2331	0	4
2026-03-11	06:15:00	5205.82	5208.58	5204.58	5207.37	2117	0	4
2026-03-11	06:30:00	5207.37	5208.42	5204.13	5206.66	1789	0	4
2026-03-11	06:45:00	5206.67	5206.67	5201.89	5204.49	2582	0	4
2026-03-11	07:00:00	5204.51	5208.28	5203.55	5204.4	2876	0	4
2026-03-11	07:15:00	5204.4	5206.32	5200.28	5200.46	2876	0	4
2026-03-11	07:30:00	5200.46	5204.77	5190.63	5201.02	6252	0	4
2026-03-11	07:45:00	5201.02	5201.78	5195.6	5199.72	4148	0	4
2026-03-11	08:00:00	5199.72	5210.35	5196.36	5209.43	4922	0	4
2026-03-11	08:15:00	5209.43	5210.82	5203.16	5206.57	4174	0	4
2026-03-11	08:30:00	5206.58	5206.75	5191.59	5194.85	3900	0	4
2026-03-11	08:45:00	5194.85	5199.21	5192.33	5197.59	4729	0	4
2026-03-11	09:00:00	5197.59	5202.17	5195.54	5198.98	4347	0	4
2026-03-11	09:15:00	5198.98	5200.02	5195.61	5197.97	3960	0	4
2026-03-11	09:30:00	5197.97	5198.48	5184.58	5191.54	5371	0	4
2026-03-11	09:45:00	5191.54	5197.89	5189.92	5195.76	4239	0	4
2026-03-11	10:00:00	5195.76	5198.66	5188.09	5198.47	4958	0	4
2026-03-11	10:15:00	5198.47	5198.52	5181.12	5184.89	4205	0	4
2026-03-11	10:30:00	5184.89	5187.54	5175.44	5181.61	4920	0	4
2026-03-11	10:45:00	5181.61	5188.76	5179.47	5187.63	4105	0	4
2026-03-11	11:00:00	5187.63	5188.28	5179.62	5184.05	4532	0	4
2026-03-11	11:15:00	5184.05	5190.56	5183.55	5187.61	4244	0	4
2026-03-11	11:30:00	5187.61	5197.26	5187.22	5191.65	3949	0	4
2026-03-11	11:45:00	5191.65	5194.53	5186.67	5187.78	4153	0	4
2026-03-11	12:00:00	5187.79	5195.36	5186.48	5193.46	3560	0	4
2026-03-11	12:15:00	5193.48	5195.25	5189.4	5191.85	3344	0	4
2026-03-11	12:30:00	5191.83	5191.99	5177.21	5179.22	4598	0	4
2026-03-11	12:45:00	5179.38	5191.09	5177.56	5186.04	4561	0	4
2026-03-11	13:00:00	5186.04	5193.63	5184.39	5187.61	3665	0	4
2026-03-11	13:15:00	5187.61	5189.99	5179.61	5181.1	4255	0	4
2026-03-11	13:30:00	5181.12	5190.73	5179.89	5184.94	4331	0	4
2026-03-11	13:45:00	5184.94	5188.54	5175.65	5181.23	5631	0	4
2026-03-11	14:00:00	5181.23	5193.36	5177.67	5191.34	5610	0	4
2026-03-11	14:15:00	5191.34	5195.28	5187.85	5191.15	5297	0	4
2026-03-11	14:30:00	5191.15	5196.53	5173.1	5180.35	9022	0	4
2026-03-11	14:45:00	5180.3	5180.75	5166.7	5167.57	7650	0	4
2026-03-11	15:00:00	5167.57	5182.03	5162.19	5177.84	9117	0	4
2026-03-11	15:15:00	5177.84	5183.11	5176.15	5181.46	6596	0	4
2026-03-11	15:30:00	5181.68	5181.68	5165.32	5165.55	11030	0	4
2026-03-11	15:45:00	5165.55	5177.2	5149.28	5176.91	11241	0	4
2026-03-11	16:00:00	5176.91	5190.29	5175.05	5189.99	11537	0	4
2026-03-11	16:15:00	5189.99	5195.58	5182.19	5194.28	8561	0	4
2026-03-11	16:30:00	5194.26	5196.28	5174.5	5183.19	8607	0	4
2026-03-11	16:45:00	5183.19	5193.59	5180.49	5183.23	8022	0	4
2026-03-11	17:00:00	5183.23	5185.76	5170.62	5170.81	8990	0	4
2026-03-11	17:15:00	5170.81	5179.44	5168.52	5172.61	8119	0	4
2026-03-11	17:30:00	5172.61	5174.17	5166.45	5169.48	8054	0	4
2026-03-11	17:45:00	5169.48	5175.24	5164.08	5166.37	7118	0	4
2026-03-11	18:00:00	5166.37	5172.64	5163.61	5172.47	7229	0	4
2026-03-11	18:15:00	5172.47	5172.67	5164.37	5166.93	6895	0	4
2026-03-11	18:30:00	5166.94	5176.77	5166.05	5174.32	5546	0	4
2026-03-11	18:45:00	5174.32	5177.99	5170.34	5175.68	6063	0	4
2026-03-11	19:00:00	5175.68	5181.0	5174.73	5175.91	5560	0	4
2026-03-11	19:15:00	5175.91	5178.24	5169.78	5172.07	5784	0	4
2026-03-11	19:30:00	5172.09	5172.59	5154.94	5163.2	7606	0	4
2026-03-11	19:45:00	5163.2	5170.07	5161.32	5169.87	5328	0	4
2026-03-11	20:00:00	5169.86	5175.3	5169.27	5172.17	5230	0	4
2026-03-11	20:15:00	5172.17	5178.47	5171.98	5177.72	4859	0	4
2026-03-11	20:30:00	5177.72	5178.35	5176.32	5177.3	2926	0	4
2026-03-11	20:45:00	5177.29	5178.03	5170.37	5172.56	5109	0	4
2026-03-11	21:00:00	5172.56	5174.38	5169.25	5172.45	3544	0	4
2026-03-11	21:15:00	5172.45	5177.78	5171.79	5177.14	3677	0	4
2026-03-11	21:30:00	5177.14	5180.05	5176.16	5179.67	3302	0	4
2026-03-11	21:45:00	5179.67	5183.49	5176.84	5183.2	4562	0	4
2026-03-11	22:00:00	5183.18	5183.58	5176.61	5177.74	2280	0	4
2026-03-11	22:15:00	5177.74	5179.04	5174.99	5177.66	1173	0	4
2026-03-11	22:30:00	5177.63	5177.99	5175.83	5176.24	934	0	4
2026-03-11	22:45:00	5176.1	5178.27	5174.96	5175.35	1087	0	4
2026-03-12	00:00:00	5178.97	5183.57	5169.04	5175.2	1270	0	15
2026-03-12	00:15:00	5175.15	5177.23	5165.53	5169.97	1043	0	14
2026-03-12	00:30:00	5169.98	5170.23	5153.14	5158.85	1740	0	14
2026-03-12	00:45:00	5158.66	5168.58	5129.99	5139.02	1949	0	9
2026-03-12	01:00:00	5139.04	5153.96	5135.02	5152.0	4406	0	4
2026-03-12	01:15:00	5152.0	5156.96	5150.18	5155.96	2733	0	4
2026-03-12	01:30:00	5155.89	5157.95	5145.97	5146.95	4024	0	4
2026-03-12	01:45:00	5146.95	5147.31	5132.98	5134.24	3354	0	4
2026-03-12	02:00:00	5134.24	5142.11	5125.61	5138.84	6725	0	4
2026-03-12	02:15:00	5138.84	5158.01	5138.84	5152.65	5434	0	4
2026-03-12	02:30:00	5152.65	5161.58	5151.31	5154.29	3771	0	4
2026-03-12	02:45:00	5154.32	5156.02	5150.14	5152.92	3582	0	4
2026-03-12	03:00:00	5152.93	5166.85	5152.01	5157.18	7136	0	4
2026-03-12	03:15:00	5157.18	5161.18	5151.51	5157.58	5137	0	4
2026-03-12	03:30:00	5157.58	5170.46	5154.73	5169.9	4887	0	4
2026-03-12	03:45:00	5169.93	5172.98	5164.35	5168.58	4784	0	4
2026-03-12	04:00:00	5168.58	5174.66	5167.38	5174.19	3873	0	4
2026-03-12	04:15:00	5174.19	5175.17	5167.3	5168.17	3527	0	4
2026-03-12	04:30:00	5168.17	5171.57	5155.61	5157.52	5859	0	4
2026-03-12	04:45:00	5157.52	5158.4	5145.76	5150.72	6534	0	4
2026-03-12	05:00:00	5150.72	5155.7	5148.53	5154.02	4654	0	4
2026-03-12	05:15:00	5154.02	5155.17	5147.3	5151.81	4247	0	4
2026-03-12	05:30:00	5151.81	5153.73	5148.1	5152.46	2828	0	4
2026-03-12	05:45:00	5152.46	5154.58	5151.24	5153.2	1922	0	4
2026-03-12	06:00:00	5153.2	5153.4	5149.88	5152.14	1407	0	4
2026-03-12	06:15:00	5152.16	5153.96	5150.25	5152.6	1582	0	4
2026-03-12	06:30:00	5152.6	5152.6	5143.83	5143.91	2549	0	4
2026-03-12	06:45:00	5143.91	5146.67	5140.43	5142.62	2670	0	4
2026-03-12	07:00:00	5142.64	5149.17	5141.56	5146.31	3577	0	4
2026-03-12	07:15:00	5146.32	5148.89	5137.19	5142.96	3426	0	4
2026-03-12	07:30:00	5142.96	5154.51	5141.16	5153.42	4812	0	4
2026-03-12	07:45:00	5153.42	5157.85	5151.76	5154.58	3743	0	4
2026-03-12	08:00:00	5154.57	5157.65	5151.64	5154.45	3816	0	4
2026-03-12	08:15:00	5154.45	5157.74	5147.24	5156.65	3263	0	4
2026-03-12	08:30:00	5156.64	5169.99	5156.05	5168.61	3752	0	4
2026-03-12	08:45:00	5168.66	5170.35	5165.24	5166.1	4090	0	4
2026-03-12	09:00:00	5166.1	5170.45	5164.47	5170.14	2966	0	4
2026-03-12	09:15:00	5170.13	5170.6	5166.01	5169.07	2371	0	4
2026-03-12	09:30:00	5169.07	5179.87	5168.15	5178.88	3135	0	4
2026-03-12	09:45:00	5178.88	5185.4	5175.95	5182.0	3732	0	4
2026-03-12	10:00:00	5182.48	5189.75	5180.83	5181.62	5087	0	4
2026-03-12	10:15:00	5181.62	5184.52	5177.11	5177.43	3007	0	4
2026-03-12	10:30:00	5177.43	5181.76	5177.38	5181.23	2821	0	4
2026-03-12	10:45:00	5181.23	5182.92	5175.76	5178.13	3254	0	4
2026-03-12	11:00:00	5178.13	5181.26	5175.63	5176.51	3046	0	4
2026-03-12	11:15:00	5176.51	5181.41	5174.4	5180.16	2713	0	4
2026-03-12	11:30:00	5180.16	5187.33	5180.16	5184.66	3878	0	4
2026-03-12	11:45:00	5184.66	5190.36	5182.67	5188.23	3675	0	4
2026-03-12	12:00:00	5188.23	5191.7	5186.83	5187.12	3581	0	4
2026-03-12	12:15:00	5187.12	5187.28	5179.95	5180.31	2866	0	4
2026-03-12	12:30:00	5180.31	5183.11	5176.23	5181.98	3313	0	4
2026-03-12	12:45:00	5181.98	5184.04	5178.75	5182.38	3000	0	4
2026-03-12	13:00:00	5182.39	5183.88	5178.81	5178.9	2445	0	4
2026-03-12	13:15:00	5178.9	5179.52	5172.69	5176.35	3380	0	4
2026-03-12	13:30:00	5176.43	5180.86	5175.4	5180.86	3700	0	4
2026-03-12	13:45:00	5180.86	5181.42	5176.55	5179.09	3790	0	4
2026-03-12	14:00:00	5179.09	5180.61	5167.36	5168.78	5803	0	4
2026-03-12	14:15:00	5168.78	5172.8	5163.85	5172.23	5247	0	4
2026-03-12	14:30:00	5172.23	5176.38	5168.48	5174.01	5394	0	4
2026-03-12	14:45:00	5174.01	5185.6	5173.97	5181.42	5647	0	4
2026-03-12	15:00:00	5181.42	5186.15	5178.87	5184.5	6844	0	4
2026-03-12	15:15:00	5184.51	5184.51	5159.5	5171.36	9234	0	4
2026-03-12	15:30:00	5171.36	5171.39	5155.69	5159.24	11551	0	4
2026-03-12	15:45:00	5159.24	5159.9	5146.09	5151.24	10944	0	4
2026-03-12	16:00:00	5151.24	5163.68	5150.09	5161.07	9233	0	4
2026-03-12	16:15:00	5161.24	5163.2	5149.81	5152.07	8921	0	4
2026-03-12	16:30:00	5152.07	5153.7	5139.74	5148.8	9051	0	4
2026-03-12	16:45:00	5148.8	5153.7	5138.34	5142.87	9109	0	4
2026-03-12	17:00:00	5142.87	5144.88	5109.91	5124.8	10800	0	4
2026-03-12	17:15:00	5124.77	5132.44	5118.03	5129.33	8263	0	4
2026-03-12	17:30:00	5129.29	5134.59	5118.42	5131.05	8530	0	4
2026-03-12	17:45:00	5131.04	5135.28	5125.46	5132.38	7933	0	4
2026-03-12	18:00:00	5132.38	5134.95	5121.24	5128.54	7362	0	4
2026-03-12	18:15:00	5128.54	5138.07	5127.89	5131.82	6344	0	4
2026-03-12	18:30:00	5131.82	5137.69	5124.95	5134.97	6408	0	4
2026-03-12	18:45:00	5134.95	5135.6	5121.58	5123.59	7027	0	4
2026-03-12	19:00:00	5123.44	5129.67	5120.8	5121.52	6894	0	4
2026-03-12	19:15:00	5121.52	5122.74	5113.57	5118.88	8441	0	4
2026-03-12	19:30:00	5118.89	5120.02	5105.16	5110.63	7784	0	4
2026-03-12	19:45:00	5110.64	5112.33	5102.53	5105.37	7026	0	4
2026-03-12	20:00:00	5105.37	5112.61	5104.99	5107.22	6520	0	4
2026-03-12	20:15:00	5107.22	5110.52	5101.1	5104.5	6269	0	4
2026-03-12	20:30:00	5104.5	5104.5	5098.62	5098.74	5718	0	4
2026-03-12	20:45:00	5098.74	5099.47	5090.67	5094.45	6391	0	4
2026-03-12	21:00:00	5094.36	5095.07	5079.62	5084.89	6607	0	4
2026-03-12	21:15:00	5084.89	5095.6	5081.2	5093.58	5462	0	4
2026-03-12	21:30:00	5093.58	5096.86	5090.49	5091.9	4979	0	4
2026-03-12	21:45:00	5091.9	5096.3	5081.27	5084.71	7466	0	4
2026-03-12	22:00:00	5084.66	5090.57	5083.53	5085.29	2877	0	4
2026-03-12	22:15:00	5085.29	5089.0	5071.37	5071.87	4687	0	4
2026-03-12	22:30:00	5071.89	5072.97	5055.0	5072.37	6088	0	4
2026-03-12	22:45:00	5072.37	5081.4	5071.99	5079.21	2742	0	4
2026-03-13	00:00:00	5077.33	5086.66	5073.02	5081.67	1735	0	14
2026-03-13	00:15:00	5081.54	5095.12	5081.0	5092.58	1628	0	15
2026-03-13	00:30:00	5092.57	5092.65	5085.3	5089.61	1269	0	15
2026-03-13	00:45:00	5089.8	5096.4	5088.16	5095.61	1138	0	15
2026-03-13	01:00:00	5095.85	5096.18	5089.05	5090.69	3190	0	4
2026-03-13	01:15:00	5090.69	5099.53	5090.48	5094.13	2949	0	4
2026-03-13	01:30:00	5094.13	5098.39	5091.97	5094.83	3166	0	4
2026-03-13	01:45:00	5094.83	5101.28	5094.7	5098.04	2594	0	4
2026-03-13	02:00:00	5098.04	5108.2	5097.35	5105.95	3550	0	4
2026-03-13	02:15:00	5105.95	5108.4	5104.19	5106.35	2273	0	4
2026-03-13	02:30:00	5106.35	5110.59	5106.04	5107.87	2694	0	4
2026-03-13	02:45:00	5107.87	5115.38	5107.26	5113.74	2676	0	4
2026-03-13	03:00:00	5113.74	5120.85	5113.48	5119.6	5168	0	4
2026-03-13	03:15:00	5119.6	5120.79	5114.13	5119.0	4302	0	4
2026-03-13	03:30:00	5119.0	5121.44	5111.69	5112.32	5035	0	4
2026-03-13	03:45:00	5112.32	5124.29	5108.86	5124.2	6147	0	4
2026-03-13	04:00:00	5124.2	5128.53	5122.68	5123.24	4685	0	4
2026-03-13	04:15:00	5123.24	5123.24	5114.99	5121.51	3130	0	4
2026-03-13	04:30:00	5121.51	5121.84	5115.67	5117.95	3392	0	4
2026-03-13	04:45:00	5117.95	5118.59	5110.45	5112.06	3828	0	4
2026-03-13	05:00:00	5112.06	5115.9	5109.17	5110.75	4328	0	4
2026-03-13	05:15:00	5110.75	5114.0	5108.29	5110.41	3177	0	4
2026-03-13	05:30:00	5110.41	5112.39	5106.24	5110.77	2433	0	4
2026-03-13	05:45:00	5110.77	5116.71	5110.45	5115.64	2133	0	4
2026-03-13	06:00:00	5115.65	5117.92	5112.5	5114.26	1969	0	4
2026-03-13	06:15:00	5114.26	5114.43	5103.76	5105.51	2632	0	4
2026-03-13	06:30:00	5105.51	5107.15	5102.71	5104.48	2699	0	4
2026-03-13	06:45:00	5104.47	5106.77	5103.15	5104.24	2037	0	4
2026-03-13	07:00:00	5104.25	5109.48	5102.68	5109.13	2313	0	4
2026-03-13	07:15:00	5109.11	5110.24	5104.91	5106.02	2059	0	4
2026-03-13	07:30:00	5106.02	5111.15	5099.91	5100.65	4860	0	4
2026-03-13	07:45:00	5100.65	5105.62	5098.41	5103.21	5018	0	4
2026-03-13	08:00:00	5103.21	5107.91	5101.64	5104.0	4511	0	4
2026-03-13	08:15:00	5104.0	5104.18	5088.9	5095.78	5331	0	4
2026-03-13	08:30:00	5095.79	5098.35	5087.9	5091.83	5730	0	4
2026-03-13	08:45:00	5091.83	5094.8	5085.75	5088.39	6013	0	4
2026-03-13	09:00:00	5088.39	5094.2	5083.75	5090.29	4573	0	4
2026-03-13	09:15:00	5090.29	5090.41	5071.73	5084.84	5321	0	4
2026-03-13	09:30:00	5084.84	5092.96	5083.91	5089.32	4050	0	4
2026-03-13	09:45:00	5089.36	5092.73	5082.34	5085.23	3513	0	4
2026-03-13	10:00:00	5085.23	5085.23	5066.58	5078.07	6559	0	4
2026-03-13	10:15:00	5077.97	5079.11	5061.53	5070.83	5881	0	4
2026-03-13	10:30:00	5070.83	5084.44	5070.4	5076.16	4265	0	4
2026-03-13	10:45:00	5076.16	5087.96	5075.94	5087.37	3934	0	4
2026-03-13	11:00:00	5087.36	5097.11	5085.99	5092.43	4609	0	4
2026-03-13	11:15:00	5092.43	5093.12	5084.2	5091.8	4199	0	4
2026-03-13	11:30:00	5091.8	5092.76	5083.32	5085.52	3575	0	4
2026-03-13	11:45:00	5085.52	5094.25	5084.97	5089.61	3536	0	4
2026-03-13	12:00:00	5089.61	5093.57	5085.99	5093.39	4157	0	4
2026-03-13	12:15:00	5093.39	5096.78	5088.79	5089.26	3210	0	4
2026-03-13	12:30:00	5089.26	5089.53	5079.88	5087.66	3433	0	4
2026-03-13	12:45:00	5087.66	5098.42	5084.62	5094.91	4090	0	4
2026-03-13	13:00:00	5094.91	5097.6	5086.26	5090.47	4570	0	4
2026-03-13	13:15:00	5090.47	5097.45	5089.08	5095.43	3489	0	4
2026-03-13	13:30:00	5095.43	5096.63	5092.02	5094.87	3430	0	4
2026-03-13	13:45:00	5094.87	5107.82	5092.13	5107.65	4518	0	4
2026-03-13	14:00:00	5107.53	5118.89	5107.32	5108.48	6840	0	4
2026-03-13	14:15:00	5108.48	5115.56	5104.43	5114.0	5226	0	4
2026-03-13	14:30:00	5114.02	5116.5	5108.16	5112.29	6671	0	4
2026-03-13	14:45:00	5112.3	5121.84	5111.12	5118.27	6383	0	4
2026-03-13	15:00:00	5118.27	5121.29	5110.17	5112.79	7820	0	4
2026-03-13	15:15:00	5112.79	5115.52	5107.34	5108.81	5166	0	4
2026-03-13	15:30:00	5108.81	5112.49	5096.54	5112.22	9175	0	4
2026-03-13	15:45:00	5112.22	5116.87	5099.33	5101.74	7356	0	4
2026-03-13	16:00:00	5101.74	5108.03	5090.84	5090.88	9394	0	4
2026-03-13	16:15:00	5090.8	5094.47	5082.77	5089.08	9997	0	4
2026-03-13	16:30:00	5089.08	5091.93	5074.73	5079.43	9372	0	4
2026-03-13	16:45:00	5079.43	5079.43	5035.97	5041.75	13188	0	4
2026-03-13	17:00:00	5041.78	5071.45	5038.3	5069.22	10649	0	4
2026-03-13	17:15:00	5069.2	5071.36	5056.89	5063.23	8477	0	4
2026-03-13	17:30:00	5063.23	5068.33	5041.89	5046.69	8856	0	4
2026-03-13	17:45:00	5046.69	5057.39	5031.93	5034.73	10966	0	4
2026-03-13	18:00:00	5034.73	5040.67	5019.04	5031.98	10932	0	4
2026-03-13	18:15:00	5031.98	5041.67	5030.61	5040.99	8754	0	4
2026-03-13	18:30:00	5040.99	5053.01	5040.17	5044.45	8264	0	4
2026-03-13	18:45:00	5044.6	5051.72	5041.64	5046.0	6725	0	4
2026-03-13	19:00:00	5046.0	5057.01	5043.51	5057.0	6592	0	4
2026-03-13	19:15:00	5056.92	5062.17	5052.27	5056.4	6645	0	4
2026-03-13	19:30:00	5056.4	5063.88	5051.14	5053.57	6851	0	4
2026-03-13	19:45:00	5053.57	5055.38	5043.51	5046.47	6070	0	4
2026-03-13	20:00:00	5046.47	5051.82	5040.66	5042.39	5536	0	4
2026-03-13	20:15:00	5042.41	5046.21	5036.07	5041.89	6269	0	4
2026-03-13	20:30:00	5041.87	5049.39	5040.49	5044.21	4915	0	4
2026-03-13	20:45:00	5044.21	5046.56	5041.2	5046.49	4173	0	4
2026-03-13	21:00:00	5046.53	5049.81	5033.95	5039.97	4908	0	4
2026-03-13	21:15:00	5040.0	5040.42	5032.35	5035.06	5385	0	4
2026-03-13	21:30:00	5035.06	5037.02	5023.08	5025.45	5683	0	4
2026-03-13	21:45:00	5025.45	5025.92	5009.66	5016.44	7910	0	4
2026-03-13	22:00:00	5016.61	5021.26	5012.32	5016.66	3283	0	4
2026-03-13	22:15:00	5016.66	5021.55	5012.3	5014.01	2677	0	4
2026-03-13	22:30:00	5013.97	5025.45	5013.1	5024.77	2439	0	4
2026-03-13	22:45:00	5024.77	5024.79	5016.91	5018.98	3701	0	4
2026-03-16	00:00:00	5016.23	5030.27	5008.55	5023.46	2850	0	15
2026-03-16	00:15:00	5020.65	5021.96	5000.88	5013.4	2175	0	5
2026-03-16	00:30:00	5013.16	5018.26	5008.29	5010.7	2136	0	14
2026-03-16	00:45:00	5010.68	5025.96	5010.48	5025.22	2060	0	5
2026-03-16	01:00:00	5024.91	5026.13	5002.28	5007.13	4784	0	4
2026-03-16	01:15:00	5007.13	5007.96	4967.62	4989.67	8286	0	4
2026-03-16	01:30:00	4989.66	4992.53	4978.95	4983.76	9897	0	4
2026-03-16	01:45:00	4983.76	4998.73	4972.24	4997.61	8498	0	4
2026-03-16	02:00:00	4997.61	5028.67	4996.79	5022.59	8419	0	4
2026-03-16	02:15:00	5022.59	5023.76	5015.05	5016.82	5106	0	4
2026-03-16	02:30:00	5016.82	5031.05	5014.98	5027.7	5236	0	4
2026-03-16	02:45:00	5027.77	5030.1	5017.08	5025.72	5073	0	4
2026-03-16	03:00:00	5025.83	5026.53	4986.39	4986.51	10273	0	4
2026-03-16	03:15:00	4986.51	5005.65	4984.02	4987.93	9676	0	4
2026-03-16	03:30:00	4987.94	5004.3	4982.63	5003.95	9146	0	4
2026-03-16	03:45:00	5004.05	5016.45	5002.57	5016.03	6975	0	4
2026-03-16	04:00:00	5016.03	5018.89	5010.68	5015.34	6833	0	4
2026-03-16	04:15:00	5015.34	5018.59	5010.54	5013.04	4381	0	4
2026-03-16	04:30:00	5013.04	5014.58	5002.6	5006.02	6706	0	4
2026-03-16	04:45:00	5006.02	5008.65	4997.92	5003.6	5971	0	4
2026-03-16	05:00:00	5003.61	5006.92	4998.21	4999.46	4976	0	4
2026-03-16	05:15:00	4999.46	5011.65	4998.61	5011.19	4691	0	4
2026-03-16	05:30:00	5011.19	5019.01	5010.22	5018.87	3479	0	4
2026-03-16	05:45:00	5018.87	5020.77	5016.05	5019.14	3036	0	4
2026-03-16	06:00:00	5019.14	5026.05	5019.04	5024.33	2786	0	4
2026-03-16	06:15:00	5024.31	5026.29	5020.77	5021.55	2433	0	4
2026-03-16	06:30:00	5021.55	5024.81	5014.61	5016.98	2752	0	4
2026-03-16	06:45:00	5016.98	5017.05	5012.33	5012.81	1958	0	4
2026-03-16	07:00:00	5012.81	5015.77	5011.15	5012.67	3050	0	4
2026-03-16	07:15:00	5012.67	5013.17	5008.02	5010.93	2595	0	4
2026-03-16	07:30:00	5010.93	5017.38	5003.28	5016.33	4850	0	4
2026-03-16	07:45:00	5016.33	5020.08	5015.44	5017.51	4385	0	4
2026-03-16	08:00:00	5017.51	5027.83	5013.04	5027.29	4852	0	4
2026-03-16	08:15:00	5027.29	5036.17	5025.59	5027.73	5324	0	4
2026-03-16	08:30:00	5027.74	5029.56	5020.97	5022.49	3975	0	4
2026-03-16	08:45:00	5022.49	5022.99	5005.48	5012.16	5954	0	4
2026-03-16	09:00:00	5012.16	5016.47	5009.66	5009.92	3931	0	4
2026-03-16	09:15:00	5009.96	5009.96	4998.22	5002.43	5486	0	4
2026-03-16	09:30:00	5002.43	5007.32	4991.92	4992.74	5791	0	4
2026-03-16	09:45:00	4992.76	5000.12	4992.76	4995.39	3902	0	4
2026-03-16	10:00:00	4995.39	5000.49	4988.57	4988.74	5983	0	4
2026-03-16	10:15:00	4988.74	5003.46	4987.91	4997.0	6386	0	4
2026-03-16	10:30:00	4997.0	4998.6	4984.98	4987.26	5010	0	4
2026-03-16	10:45:00	4987.26	4997.79	4985.75	4991.12	4475	0	4
2026-03-16	11:00:00	4991.12	4991.42	4979.89	4985.3	5426	0	4
2026-03-16	11:15:00	4985.3	4990.74	4983.83	4989.0	3599	0	4
2026-03-16	11:30:00	4989.0	4991.66	4981.19	4981.49	3926	0	4
2026-03-16	11:45:00	4981.49	4985.46	4972.74	4975.36	5164	0	4
2026-03-16	12:00:00	4975.36	4980.27	4970.11	4976.82	4996	0	4
2026-03-16	12:15:00	4976.81	4991.05	4976.62	4986.78	5124	0	4
2026-03-16	12:30:00	4986.78	4988.13	4980.53	4985.54	4579	0	4
2026-03-16	12:45:00	4985.54	4999.46	4984.01	4998.81	5517	0	4
2026-03-16	13:00:00	4998.74	5006.38	4995.72	5002.29	4765	0	4
2026-03-16	13:15:00	5002.29	5022.63	5002.29	5019.21	5105	0	4
2026-03-16	13:30:00	5019.21	5020.01	5013.85	5015.58	3511	0	4
2026-03-16	13:45:00	5015.58	5018.08	4992.84	4997.0	5403	0	4
2026-03-16	14:00:00	4997.0	5006.66	4994.38	5005.57	4842	0	4
2026-03-16	14:15:00	5005.57	5024.76	5002.75	5023.01	5563	0	4
2026-03-16	14:30:00	5023.01	5025.16	5018.93	5021.88	5307	0	4
2026-03-16	14:45:00	5021.86	5022.26	5012.23	5019.92	4884	0	4
2026-03-16	15:00:00	5019.92	5023.6	5013.9	5022.47	5269	0	4
2026-03-16	15:15:00	5022.47	5030.2	5018.45	5021.33	5611	0	4
2026-03-16	15:30:00	5021.31	5034.43	5018.25	5031.51	8917	0	4
2026-03-16	15:45:00	5031.51	5033.59	5023.15	5029.85	7717	0	4
2026-03-16	16:00:00	5029.85	5038.06	5027.1	5028.15	7292	0	4
2026-03-16	16:15:00	5028.13	5029.95	5014.64	5014.83	7196	0	4
2026-03-16	16:30:00	5014.83	5015.16	5000.42	5000.93	7246	0	4
2026-03-16	16:45:00	5000.95	5002.48	4987.99	4995.92	7845	0	4
2026-03-16	17:00:00	4995.89	5002.44	4990.44	4998.47	7976	0	4
2026-03-16	17:15:00	4998.47	5005.74	4984.53	4991.88	6375	0	4
2026-03-16	17:30:00	4991.88	5003.4	4990.47	4996.72	5940	0	4
2026-03-16	17:45:00	4996.76	4999.17	4983.92	4987.04	6048	0	4
2026-03-16	18:00:00	4987.04	4998.83	4985.6	4996.46	6830	0	4
2026-03-16	18:15:00	4996.46	4998.13	4978.1	4979.82	7024	0	4
2026-03-16	18:30:00	4979.81	4989.67	4974.03	4987.09	6931	0	4
2026-03-16	18:45:00	4987.06	4992.89	4983.16	4990.61	5851	0	4
2026-03-16	19:00:00	4992.27	5003.88	4990.49	5001.99	5541	0	4
2026-03-16	19:15:00	5001.99	5002.99	4994.79	4996.0	5528	0	4
2026-03-16	19:30:00	4995.99	4996.53	4985.73	4987.7	5629	0	4
2026-03-16	19:45:00	4987.7	4992.85	4983.96	4991.29	4308	0	4
2026-03-16	20:00:00	4991.29	5000.95	4989.99	4998.9	4984	0	4
2026-03-16	20:15:00	4998.93	5008.05	4997.21	5006.31	4637	0	4
2026-03-16	20:30:00	5006.4	5015.72	5005.35	5014.62	5280	0	4
2026-03-16	20:45:00	5014.62	5017.91	5011.8	5012.75	4232	0	4
2026-03-16	21:00:00	5012.75	5020.27	5008.78	5011.81	4587	0	4
2026-03-16	21:15:00	5011.81	5015.55	5009.61	5010.44	4129	0	4
2026-03-16	21:30:00	5010.44	5014.71	5008.1	5010.17	4039	0	4
2026-03-16	21:45:00	5010.17	5016.07	5008.39	5012.9	4267	0	4
2026-03-16	22:00:00	5012.92	5021.61	5008.0	5016.84	2212	0	4
2026-03-16	22:15:00	5016.84	5017.69	5014.11	5014.2	1273	0	4
2026-03-16	22:30:00	5014.2	5014.2	5007.7	5008.87	1434	0	4
2026-03-16	22:45:00	5008.88	5010.29	5004.66	5005.73	1655	0	4
2026-03-17	00:00:00	5008.08	5016.18	5001.08	5004.02	1552	0	5
2026-03-17	00:15:00	5004.05	5008.04	4999.03	5001.77	1607	0	8
2026-03-17	00:30:00	5001.77	5004.74	4998.66	5001.53	1510	0	15
2026-03-17	00:45:00	5001.59	5006.1	5000.57	5002.28	1353	0	15
2026-03-17	01:00:00	5002.27	5006.37	5001.85	5006.1	1246	0	4
2026-03-17	01:15:00	5006.1	5009.93	5005.42	5009.43	1224	0	4
2026-03-17	01:30:00	5009.43	5014.34	5008.57	5008.57	1904	0	4
2026-03-17	01:45:00	5008.57	5015.51	5006.89	5012.87	2298	0	4
2026-03-17	02:00:00	5012.87	5014.15	5002.42	5006.69	3439	0	4
2026-03-17	02:15:00	5006.69	5010.6	5000.11	5003.5	2642	0	4
2026-03-17	02:30:00	5003.5	5007.07	4998.42	5001.81	2678	0	4
2026-03-17	02:45:00	5001.83	5006.29	4998.22	5002.95	4596	0	4
2026-03-17	03:00:00	5002.95	5012.5	4994.71	5010.26	7177	0	4
2026-03-17	03:15:00	5010.25	5014.59	5007.54	5013.55	4559	0	4
2026-03-17	03:30:00	5013.52	5019.79	5011.32	5017.92	4745	0	4
2026-03-17	03:45:00	5017.92	5027.97	5016.76	5027.91	4680	0	4
2026-03-17	04:00:00	5027.88	5029.68	5020.96	5021.49	3974	0	4
2026-03-17	04:15:00	5021.49	5025.65	5019.94	5025.4	2568	0	4
2026-03-17	04:30:00	5025.4	5029.38	5022.06	5029.08	3641	0	4
2026-03-17	04:45:00	5029.08	5029.45	5021.65	5022.7	3472	0	4
2026-03-17	05:00:00	5022.7	5025.69	5020.61	5022.91	2673	0	4
2026-03-17	05:15:00	5022.91	5032.81	5022.58	5032.56	3049	0	4
2026-03-17	05:30:00	5032.56	5033.67	5027.49	5028.74	2950	0	4
2026-03-17	05:45:00	5028.74	5030.15	5025.94	5027.53	2184	0	4
2026-03-17	06:00:00	5027.53	5030.49	5026.38	5029.16	1938	0	4
2026-03-17	06:15:00	5029.16	5032.93	5026.37	5032.55	1926	0	4
2026-03-17	06:30:00	5032.55	5041.54	5032.23	5039.74	2421	0	4
2026-03-17	06:45:00	5039.74	5041.92	5036.96	5037.92	3506	0	4
2026-03-17	07:00:00	5037.92	5040.89	5032.58	5040.56	3054	0	4
2026-03-17	07:15:00	5040.56	5044.53	5033.42	5035.33	3475	0	4
2026-03-17	07:30:00	5035.37	5039.44	5031.52	5032.23	4276	0	4
2026-03-17	07:45:00	5032.23	5033.26	5020.16	5020.76	4543	0	4
2026-03-17	08:00:00	5020.83	5022.83	5006.93	5012.84	7004	0	4
2026-03-17	08:15:00	5012.84	5014.29	5005.34	5011.94	5133	0	4
2026-03-17	08:30:00	5011.94	5017.17	5010.18	5015.02	3964	0	4
2026-03-17	08:45:00	5015.04	5015.7	5008.45	5010.09	3175	0	4
2026-03-17	09:00:00	5010.09	5017.01	5009.41	5014.39	3260	0	4
2026-03-17	09:15:00	5014.39	5018.82	5008.98	5015.91	2538	0	4
2026-03-17	09:30:00	5015.9	5028.04	5015.9	5023.21	3405	0	4
2026-03-17	09:45:00	5023.21	5025.35	5017.12	5021.28	2672	0	4
2026-03-17	10:00:00	5021.28	5026.27	5019.03	5021.97	3568	0	4
2026-03-17	10:15:00	5021.97	5029.65	5019.08	5021.1	3825	0	4
2026-03-17	10:30:00	5021.1	5025.27	5019.06	5022.08	2780	0	4
2026-03-17	10:45:00	5022.08	5025.48	5018.38	5024.81	3420	0	4
2026-03-17	11:00:00	5024.81	5025.98	5013.29	5013.84	3955	0	4
2026-03-17	11:15:00	5013.84	5019.69	5012.77	5017.67	3603	0	4
2026-03-17	11:30:00	5017.68	5018.22	5011.08	5014.35	3377	0	4
2026-03-17	11:45:00	5014.32	5015.91	5009.9	5010.52	2463	0	4
2026-03-17	12:00:00	5010.52	5016.42	5001.1	5004.05	3654	0	17
2026-03-17	12:15:00	5004.05	5009.21	5001.7	5003.72	2631	0	17
2026-03-17	12:30:00	5003.72	5009.45	4992.0	4999.23	3231	0	17
2026-03-17	12:45:00	4999.23	5004.77	4996.8	5000.25	2892	0	17
2026-03-17	13:00:00	5000.19	5006.0	4996.79	5004.85	2821	0	17
2026-03-17	13:15:00	5004.85	5010.13	5004.85	5006.97	2044	0	17
2026-03-17	13:30:00	5006.97	5009.92	5004.07	5009.33	1643	0	17
2026-03-17	13:45:00	5009.33	5011.48	5002.08	5003.29	2212	0	17
2026-03-17	14:00:00	5003.25	5010.31	4999.41	5008.44	2741	0	17
2026-03-17	14:15:00	5008.44	5020.49	5008.32	5020.07	3045	0	17
2026-03-17	14:30:00	5020.07	5023.85	5016.07	5017.63	3127	0	17
2026-03-17	14:45:00	5017.63	5017.66	5009.63	5011.67	3397	0	4
2026-03-17	15:00:00	5011.67	5017.98	5009.96	5016.73	4981	0	4
2026-03-17	15:15:00	5016.73	5019.49	5010.5	5012.77	3993	0	4
2026-03-17	15:30:00	5012.74	5031.46	5011.12	5027.01	6754	0	4
2026-03-17	15:45:00	5027.01	5027.63	5005.44	5016.62	6688	0	4
2026-03-17	16:00:00	5016.62	5020.56	5009.54	5018.14	6217	0	4
2026-03-17	16:15:00	5018.18	5018.44	5006.84	5008.42	5901	0	4
2026-03-17	16:30:00	5008.4	5014.49	5002.85	5013.45	5463	0	4
2026-03-17	16:45:00	5013.45	5019.42	5007.24	5007.69	4907	0	4
2026-03-17	17:00:00	5007.69	5017.58	5006.32	5008.24	5316	0	4
2026-03-17	17:15:00	5008.35	5014.88	4993.74	4994.76	6027	0	4
2026-03-17	17:30:00	4994.76	5000.48	4973.51	4984.53	7997	0	4
2026-03-17	17:45:00	4984.53	4999.1	4983.85	4997.85	5882	0	4
2026-03-17	18:00:00	4997.85	4999.35	4991.61	4994.49	5645	0	4
2026-03-17	18:15:00	4994.5	5005.45	4992.99	5004.14	5129	0	4
2026-03-17	18:30:00	5004.14	5005.82	4999.68	5002.15	4099	0	4
2026-03-17	18:45:00	5002.14	5003.61	4997.63	5002.02	4090	0	4
2026-03-17	19:00:00	5001.95	5006.57	5001.37	5003.34	3918	0	4
2026-03-17	19:15:00	5003.48	5008.77	5001.25	5002.75	4153	0	4
2026-03-17	19:30:00	5002.75	5006.43	4997.53	4997.69	3520	0	4
2026-03-17	19:45:00	4997.69	5003.73	4996.45	5002.48	2643	0	4
2026-03-17	20:00:00	5002.48	5007.68	5000.84	5006.29	2388	0	4
2026-03-17	20:15:00	5006.29	5009.07	5003.91	5003.91	2757	0	4
2026-03-17	20:30:00	5003.96	5004.59	4999.74	5003.41	2427	0	4
2026-03-17	20:45:00	5003.41	5008.39	5002.85	5003.76	2973	0	4
2026-03-17	21:00:00	5003.76	5005.6	5000.38	5001.66	2384	0	4
2026-03-17	21:15:00	5001.67	5002.51	4998.07	4999.8	2677	0	4
2026-03-17	21:30:00	4999.8	5003.71	4996.42	5001.9	3311	0	4
2026-03-17	21:45:00	5001.9	5003.22	4998.05	5000.23	4166	0	4
2026-03-17	22:00:00	5000.2	5006.37	4999.88	5003.72	1465	0	4
2026-03-17	22:15:00	5003.72	5004.79	5002.02	5003.84	737	0	4
2026-03-17	22:30:00	5003.7	5005.21	5002.72	5003.69	1518	0	4
2026-03-17	22:45:00	5003.65	5005.89	5001.07	5005.87	1150	0	4
2026-03-18	00:00:00	5005.63	5005.77	4997.77	5002.63	967	0	5
2026-03-18	00:15:00	5002.61	5004.93	5000.16	5001.91	721	0	15
2026-03-18	00:30:00	5001.88	5001.93	4995.77	4996.33	816	0	15
2026-03-18	00:45:00	4996.24	5003.44	4993.32	4999.9	1166	0	15
2026-03-18	01:00:00	4999.8	5003.03	4998.85	4999.11	1158	0	4
2026-03-18	01:15:00	4999.11	5001.53	4999.11	5000.13	1020	0	4
2026-03-18	01:30:00	5000.13	5003.76	4999.89	5002.27	935	0	4
2026-03-18	01:45:00	5002.27	5003.03	5001.39	5002.91	859	0	4
2026-03-18	02:00:00	5002.92	5012.29	5001.23	5009.92	2727	0	4
2026-03-18	02:15:00	5009.92	5011.89	5002.7	5002.79	1966	0	4
2026-03-18	02:30:00	5002.79	5004.59	5000.25	5004.18	1827	0	4
2026-03-18	02:45:00	5004.18	5008.06	5001.26	5004.27	2069	0	4
2026-03-18	03:00:00	5004.27	5015.77	4997.88	5011.44	4506	0	4
2026-03-18	03:15:00	5011.42	5015.99	5007.99	5008.04	2731	0	4
2026-03-18	03:30:00	5008.04	5009.44	5001.49	5001.67	3402	0	4
2026-03-18	03:45:00	5001.67	5001.79	4991.25	4998.66	4373	0	4
2026-03-18	04:00:00	4998.92	5002.46	4996.48	4999.69	4314	0	4
2026-03-18	04:15:00	4999.69	5007.0	4999.0	5002.31	2410	0	4
2026-03-18	04:30:00	5002.31	5003.73	4999.93	5001.22	3433	0	4
2026-03-18	04:45:00	5001.21	5004.09	4990.44	4991.84	3748	0	4
2026-03-18	05:00:00	4991.84	4996.22	4986.04	4994.13	3356	0	4
2026-03-18	05:15:00	4994.13	4996.84	4993.56	4996.26	2085	0	4
2026-03-18	05:30:00	4996.26	4997.59	4994.02	4994.89	1788	0	4
2026-03-18	05:45:00	4994.89	4995.39	4989.47	4991.26	2129	0	4
2026-03-18	06:00:00	4991.26	4992.84	4989.58	4990.61	1471	0	4
2026-03-18	06:15:00	4990.61	4993.46	4990.54	4990.7	1365	0	4
2026-03-18	06:30:00	4990.7	4991.03	4981.79	4984.41	2764	0	4
2026-03-18	06:45:00	4984.41	4987.2	4982.46	4987.07	1754	0	4
2026-03-18	07:00:00	4987.07	4992.13	4984.68	4990.21	2412	0	4
2026-03-18	07:15:00	4990.22	4992.78	4985.54	4990.87	1951	0	4
2026-03-18	07:30:00	4990.87	5001.34	4987.65	4999.37	4340	0	4
2026-03-18	07:45:00	4999.35	5002.63	4994.74	4997.63	2969	0	4
2026-03-18	08:00:00	4997.63	5009.27	4996.35	5009.27	2917	0	4
2026-03-18	08:15:00	5009.27	5010.83	5006.82	5008.7	2976	0	4
2026-03-18	08:30:00	5008.7	5016.3	5008.66	5011.26	2990	0	4
2026-03-18	08:45:00	5011.26	5014.62	5008.48	5009.39	2570	0	4
2026-03-18	09:00:00	5009.39	5014.96	5009.39	5009.73	2285	0	4
2026-03-18	09:15:00	5009.73	5010.02	5006.24	5009.25	2075	0	4
2026-03-18	09:30:00	5009.05	5009.65	5001.35	5001.97	1878	0	4
2026-03-18	09:45:00	5001.97	5002.32	4990.42	4994.97	3516	0	4
2026-03-18	10:00:00	4994.97	4996.81	4987.51	4993.06	3302	0	4
2026-03-18	10:15:00	4993.06	4995.7	4983.59	4989.16	3311	0	4
2026-03-18	10:30:00	4989.16	4992.05	4984.15	4985.37	2920	0	4
2026-03-18	10:45:00	4985.37	4990.29	4977.17	4987.58	3339	0	4
2026-03-18	11:00:00	4987.61	4991.02	4986.33	4986.34	2504	0	4
2026-03-18	11:15:00	4986.34	4994.36	4984.85	4992.38	2894	0	4
2026-03-18	11:30:00	4992.38	4995.58	4991.99	4993.09	2016	0	4
2026-03-18	11:45:00	4993.09	4995.15	4990.81	4992.12	1932	0	4
2026-03-18	12:00:00	4992.12	4992.14	4987.22	4988.76	2100	0	4
2026-03-18	12:15:00	4988.76	4990.93	4980.86	4982.44	2279	0	4
2026-03-18	12:30:00	4982.44	4987.42	4960.62	4977.9	5219	0	4
2026-03-18	12:45:00	4977.81	4980.27	4958.88	4967.86	3912	0	4
2026-03-18	13:00:00	4967.86	4970.58	4950.17	4970.2	5834	0	4
2026-03-18	13:15:00	4970.2	4973.97	4946.36	4948.38	5289	0	4
2026-03-18	13:30:00	4948.38	4961.98	4934.73	4939.15	6429	0	4
2026-03-18	13:45:00	4939.15	4944.95	4925.05	4930.21	6700	0	4
2026-03-18	14:00:00	4930.21	4932.46	4905.4	4908.42	7594	0	4
2026-03-18	14:15:00	4908.42	4912.52	4895.48	4901.36	7971	0	4
2026-03-18	14:30:00	4901.29	4901.49	4874.02	4878.36	9464	0	4
2026-03-18	14:45:00	4878.36	4891.58	4870.73	4881.51	7839	0	4
2026-03-18	15:00:00	4881.51	4881.51	4849.56	4858.6	10069	0	4
2026-03-18	15:15:00	4858.6	4865.93	4834.17	4861.4	8915	0	4
2026-03-18	15:30:00	4861.4	4885.49	4850.55	4873.2	9662	0	4
2026-03-18	15:45:00	4873.19	4880.48	4860.61	4878.2	8901	0	4
2026-03-18	16:00:00	4878.2	4894.62	4872.12	4881.08	8067	0	4
2026-03-18	16:15:00	4881.08	4883.48	4859.31	4860.83	7415	0	4
2026-03-18	16:30:00	4860.83	4865.13	4856.72	4861.02	6938	0	4
2026-03-18	16:45:00	4860.87	4872.59	4860.71	4869.61	7246	0	4
2026-03-18	17:00:00	4869.59	4878.17	4865.83	4875.37	6569	0	4
2026-03-18	17:15:00	4875.37	4880.07	4867.13	4872.07	5801	0	4
2026-03-18	17:30:00	4872.07	4875.4	4864.22	4864.57	4760	0	4
2026-03-18	17:45:00	4864.57	4866.67	4861.1	4862.51	4924	0	4
2026-03-18	18:00:00	4862.43	4879.29	4860.86	4878.02	4415	0	4
2026-03-18	18:15:00	4878.02	4883.0	4873.86	4882.31	4566	0	4
2026-03-18	18:30:00	4882.31	4882.77	4873.25	4882.62	4857	0	4
2026-03-18	18:45:00	4882.62	4890.31	4880.01	4886.93	4495	0	4
2026-03-18	19:00:00	4886.86	4890.05	4883.85	4886.95	4275	0	4
2026-03-18	19:15:00	4886.99	4898.14	4885.39	4891.06	4779	0	4
2026-03-18	19:30:00	4891.06	4898.97	4887.21	4894.62	4663	0	4
2026-03-18	19:45:00	4894.62	4895.89	4888.96	4890.44	4001	0	4
2026-03-18	20:00:00	4890.36	4899.12	4880.89	4887.48	8060	0	4
2026-03-18	20:15:00	4887.48	4889.57	4876.88	4885.67	6913	0	4
2026-03-18	20:30:00	4885.67	4888.03	4872.49	4878.35	8310	0	4
2026-03-18	20:45:00	4878.32	4878.72	4852.27	4853.03	7345	0	4
2026-03-18	21:00:00	4853.03	4861.3	4843.36	4857.07	6648	0	4
2026-03-18	21:15:00	4857.07	4865.31	4843.85	4848.9	6111	0	4
2026-03-18	21:30:00	4848.9	4860.16	4846.16	4850.58	5568	0	4
2026-03-18	21:45:00	4850.58	4851.23	4838.37	4843.06	6362	0	4
2026-03-18	22:00:00	4843.06	4848.55	4823.7	4825.8	4319	0	4
2026-03-18	22:15:00	4825.8	4828.33	4808.85	4811.3	4890	0	4
2026-03-18	22:30:00	4811.3	4821.39	4806.64	4820.89	4525	0	4
2026-03-18	22:45:00	4820.91	4826.67	4816.23	4817.91	2929	0	4
2026-03-19	00:00:00	4829.37	4837.13	4815.94	4818.74	2311	0	5
2026-03-19	00:15:00	4818.75	4825.53	4805.23	4816.04	2328	0	6
2026-03-19	00:30:00	4815.75	4829.21	4809.0	4828.32	2052	0	8
2026-03-19	00:45:00	4828.33	4839.05	4826.34	4834.7	1994	0	5
2026-03-19	01:00:00	4834.68	4836.93	4829.37	4834.33	3225	0	4
2026-03-19	01:15:00	4834.34	4840.82	4828.23	4836.84	2805	0	4
2026-03-19	01:30:00	4836.84	4842.54	4833.87	4834.16	3058	0	4
2026-03-19	01:45:00	4834.13	4838.4	4829.83	4836.87	3494	0	4
2026-03-19	02:00:00	4836.87	4848.18	4835.54	4843.29	4463	0	4
2026-03-19	02:15:00	4843.29	4844.21	4836.87	4842.01	2820	0	4
2026-03-19	02:30:00	4842.09	4848.75	4838.35	4840.74	3962	0	4
2026-03-19	02:45:00	4840.74	4846.05	4837.85	4841.26	4019	0	4
2026-03-19	03:00:00	4841.26	4853.4	4832.74	4837.99	6839	0	4
2026-03-19	03:15:00	4837.99	4845.74	4833.67	4845.47	4584	0	4
2026-03-19	03:30:00	4845.47	4866.95	4842.87	4865.63	5601	0	4
2026-03-19	03:45:00	4865.63	4865.63	4849.2	4849.93	4551	0	4
2026-03-19	04:00:00	4849.96	4851.87	4841.55	4849.27	5425	0	4
2026-03-19	04:15:00	4849.27	4858.17	4847.96	4857.21	3419	0	4
2026-03-19	04:30:00	4857.21	4861.7	4853.98	4861.25	5413	0	4
2026-03-19	04:45:00	4861.25	4862.09	4853.71	4858.75	4670	0	4
2026-03-19	05:00:00	4858.75	4865.03	4854.91	4864.36	3840	0	4
2026-03-19	05:15:00	4864.27	4865.93	4856.77	4859.99	3745	0	4
2026-03-19	05:30:00	4859.99	4860.28	4852.37	4856.25	2733	0	4
2026-03-19	05:45:00	4856.07	4857.2	4850.84	4850.86	2219	0	4
2026-03-19	06:00:00	4850.86	4851.74	4847.24	4851.09	2903	0	4
2026-03-19	06:15:00	4851.09	4853.66	4849.84	4850.39	2253	0	4
2026-03-19	06:30:00	4850.39	4852.78	4848.28	4849.48	1797	0	4
2026-03-19	06:45:00	4849.48	4850.29	4845.73	4849.83	2446	0	4
2026-03-19	07:00:00	4849.85	4853.68	4846.62	4850.62	2742	0	4
2026-03-19	07:15:00	4850.62	4853.81	4846.5	4846.75	2416	0	4
2026-03-19	07:30:00	4846.75	4846.76	4832.43	4833.82	5374	0	4
2026-03-19	07:45:00	4833.77	4840.22	4826.82	4827.52	4635	0	4
2026-03-19	08:00:00	4827.47	4842.21	4826.96	4833.13	5175	0	4
2026-03-19	08:15:00	4832.99	4833.67	4813.38	4813.62	5723	0	4
2026-03-19	08:30:00	4813.73	4819.95	4780.07	4786.21	7734	0	4
2026-03-19	08:45:00	4786.21	4788.53	4747.7	4763.57	9423	0	4
2026-03-19	09:00:00	4763.55	4784.3	4762.81	4778.1	6909	0	4
2026-03-19	09:15:00	4778.1	4781.97	4756.94	4770.8	5795	0	4
2026-03-19	09:30:00	4770.8	4771.65	4735.75	4739.59	6108	0	4
2026-03-19	09:45:00	4739.59	4754.94	4727.14	4727.85	5707	0	4
2026-03-19	10:00:00	4727.85	4740.47	4701.21	4714.48	8230	0	4
2026-03-19	10:15:00	4714.51	4736.52	4713.11	4718.82	6751	0	4
2026-03-19	10:30:00	4718.82	4722.2	4686.85	4688.51	7995	0	4
2026-03-19	10:45:00	4688.48	4719.64	4687.0	4709.31	6546	0	4
2026-03-19	11:00:00	4709.31	4721.11	4687.81	4695.03	6921	0	4
2026-03-19	11:15:00	4695.03	4722.48	4693.52	4709.16	7663	0	4
2026-03-19	11:30:00	4709.16	4725.85	4702.82	4705.3	7053	0	4
2026-03-19	11:45:00	4705.29	4716.86	4696.2	4699.01	6865	0	4
2026-03-19	12:00:00	4699.01	4719.84	4698.06	4704.34	5717	0	4
2026-03-19	12:15:00	4704.34	4705.45	4671.01	4683.56	6622	0	4
2026-03-19	12:30:00	4683.56	4700.58	4674.23	4683.51	6669	0	4
2026-03-19	12:45:00	4683.51	4688.83	4666.56	4679.02	6378	0	4
2026-03-19	13:00:00	4679.03	4699.78	4678.95	4686.06	6083	0	4
2026-03-19	13:15:00	4686.05	4692.45	4676.6	4686.33	5270	0	4
2026-03-19	13:30:00	4686.33	4695.46	4658.1	4664.24	6363	0	4
2026-03-19	13:45:00	4664.26	4668.05	4650.81	4651.5	6417	0	4
2026-03-19	14:00:00	4651.5	4653.77	4609.85	4619.2	9781	0	4
2026-03-19	14:15:00	4619.2	4630.89	4602.66	4606.89	7795	0	4
2026-03-19	14:30:00	4606.85	4617.61	4559.9	4563.41	9705	0	4
2026-03-19	14:45:00	4563.41	4585.68	4531.25	4574.48	13037	0	4
2026-03-19	15:00:00	4574.48	4574.48	4502.57	4538.83	13234	0	4
2026-03-19	15:15:00	4538.83	4581.26	4523.65	4576.37	10962	0	4
2026-03-19	15:30:00	4576.37	4583.01	4546.31	4558.95	11699	0	4
2026-03-19	15:45:00	4558.95	4621.71	4538.81	4621.6	11592	0	4
2026-03-19	16:00:00	4621.6	4649.16	4618.78	4630.95	12056	0	4
2026-03-19	16:15:00	4630.95	4635.53	4584.3	4585.7	10861	0	4
2026-03-19	16:30:00	4585.7	4622.48	4581.06	4613.05	9498	0	4
2026-03-19	16:45:00	4613.05	4627.81	4598.06	4601.58	9565	0	4
2026-03-19	17:00:00	4601.63	4639.03	4593.39	4627.46	9542	0	4
2026-03-19	17:15:00	4627.45	4629.34	4596.32	4602.9	9821	0	4
2026-03-19	17:30:00	4602.89	4602.96	4569.99	4571.67	9554	0	4
2026-03-19	17:45:00	4571.71	4611.39	4566.23	4596.52	9118	0	4
2026-03-19	18:00:00	4596.52	4626.47	4593.06	4604.96	8426	0	4
2026-03-19	18:15:00	4604.96	4617.03	4593.83	4599.38	8208	0	4
2026-03-19	18:30:00	4599.38	4608.28	4584.16	4593.19	8018	0	4
2026-03-19	18:45:00	4593.22	4598.67	4576.78	4584.83	8102	0	4
2026-03-19	19:00:00	4584.83	4596.12	4574.04	4579.44	7505	0	4
2026-03-19	19:15:00	4579.44	4613.69	4574.05	4603.53	8835	0	4
2026-03-19	19:30:00	4603.53	4618.68	4599.7	4605.04	7206	0	4
2026-03-19	19:45:00	4605.04	4629.88	4605.04	4616.01	7037	0	4
2026-03-19	20:00:00	4616.01	4619.01	4601.02	4614.79	7011	0	4
2026-03-19	20:15:00	4614.79	4617.45	4604.45	4609.42	6646	0	4
2026-03-19	20:30:00	4609.38	4611.22	4596.4	4608.95	5775	0	4
2026-03-19	20:45:00	4608.95	4622.9	4604.66	4622.88	5548	0	4
2026-03-19	21:00:00	4622.88	4663.38	4622.88	4657.03	10444	0	4
2026-03-19	21:15:00	4657.03	4661.74	4633.17	4644.37	9189	0	4
2026-03-19	21:30:00	4644.37	4649.44	4632.96	4638.66	7765	0	4
2026-03-19	21:45:00	4638.66	4649.95	4632.04	4643.72	8533	0	4
2026-03-19	22:00:00	4643.74	4658.28	4642.65	4654.07	4482	0	4
2026-03-19	22:15:00	4654.09	4660.84	4649.99	4657.26	3306	0	4
2026-03-19	22:30:00	4657.17	4659.38	4653.56	4654.4	2590	0	4
2026-03-19	22:45:00	4655.04	4661.77	4648.4	4648.73	2912	0	4
2026-03-20	00:00:00	4654.32	4671.93	4650.27	4671.09	1765	0	14
2026-03-20	00:15:00	4670.99	4677.23	4660.44	4666.41	2140	0	9
2026-03-20	00:30:00	4666.37	4666.37	4646.29	4646.66	2074	0	5
2026-03-20	00:45:00	4646.75	4650.19	4636.27	4636.48	2063	0	14
2026-03-20	01:00:00	4636.47	4647.74	4636.18	4638.74	3207	0	4
2026-03-20	01:15:00	4638.7	4647.05	4638.41	4643.93	2845	0	4
2026-03-20	01:30:00	4643.93	4647.73	4634.19	4635.66	3396	0	4
2026-03-20	01:45:00	4635.66	4646.84	4635.39	4643.62	3217	0	4
2026-03-20	02:00:00	4643.63	4662.82	4642.89	4662.13	4301	0	4
2026-03-20	02:15:00	4662.12	4664.96	4642.1	4649.41	4640	0	4
2026-03-20	02:30:00	4649.41	4656.49	4644.78	4655.91	3726	0	4
2026-03-20	02:45:00	4655.91	4660.41	4647.18	4648.71	3694	0	4
2026-03-20	03:00:00	4648.71	4680.4	4639.42	4651.93	8974	0	4
2026-03-20	03:15:00	4651.93	4661.97	4648.36	4661.97	6827	0	4
2026-03-20	03:30:00	4661.97	4688.9	4661.2	4686.68	6545	0	4
2026-03-20	03:45:00	4686.68	4699.22	4672.41	4677.32	6226	0	4
2026-03-20	04:00:00	4677.34	4689.29	4670.19	4685.52	5467	0	4
2026-03-20	04:15:00	4685.63	4690.14	4680.87	4683.75	3597	0	4
2026-03-20	04:30:00	4683.7	4691.35	4679.1	4685.22	5132	0	4
2026-03-20	04:45:00	4685.22	4703.52	4682.83	4698.18	4894	0	4
2026-03-20	05:00:00	4698.23	4723.5	4693.17	4717.44	5637	0	4
2026-03-20	05:15:00	4717.44	4735.84	4716.47	4733.65	5499	0	4
2026-03-20	05:30:00	4733.68	4735.72	4728.08	4730.32	3816	0	4
2026-03-20	05:45:00	4730.32	4730.34	4721.66	4725.64	3910	0	4
2026-03-20	06:00:00	4725.65	4727.5	4716.72	4719.02	2875	0	4
2026-03-20	06:15:00	4719.02	4724.16	4718.35	4723.42	3117	0	4
2026-03-20	06:30:00	4723.45	4726.83	4718.21	4719.9	2670	0	4
2026-03-20	06:45:00	4719.92	4722.76	4715.4	4721.57	2682	0	4
2026-03-20	07:00:00	4721.59	4721.95	4710.5	4718.56	3963	0	4
2026-03-20	07:15:00	4718.56	4723.72	4717.47	4719.82	3603	0	4
2026-03-20	07:30:00	4719.81	4720.26	4702.06	4709.53	5839	0	4
2026-03-20	07:45:00	4709.53	4710.75	4692.03	4695.06	4414	0	4
